"tt_1","1","0","http://dbpedia.org/resource/Presidency_of_George_Washington http://dbpedia.org/resource/George_Washington_administration http://dbpedia.org/resource/Washington_Administration http://dbpedia.org/resource/Washington_administration http://dbpedia.org/resource/George_Washington's_presidency http://dbpedia.org/resource/George_Washington's_Presidency http://dbpedia.org/resource/Presidency_of_george_washington http://dbpedia.org/resource/Washington's_administration"
"tt_1","2","0","http://dbpedia.org/resource/Presidency_of_George_Washington http://dbpedia.org/resource/George_Washington_administration http://dbpedia.org/resource/Washington_Administration http://dbpedia.org/resource/Washington_administration http://dbpedia.org/resource/George_Washington's_presidency http://dbpedia.org/resource/George_Washington's_Presidency http://dbpedia.org/resource/Presidency_of_george_washington http://dbpedia.org/resource/Washington's_administration"
"tt_1","3","0","http://dbpedia.org/resource/The_second_us_president http://dbpedia.org/resource/John_Adams_Jr. http://dbpedia.org/resource/Adams,_John http://dbpedia.org/resource/Novanglus http://dbpedia.org/resource/John_Adams,_Jr. http://dbpedia.org/resource/John_Adams_Administration http://dbpedia.org/resource/John_Adams,_Jr http://dbpedia.org/resource/John_Adam's_Administration http://dbpedia.org/resource/Jon_Adams http://dbpedia.org/resource/John_adams http://dbpedia.org/resource/President_John_Adams http://dbpedia.org/resource/Second_President_of_the_United_States http://dbpedia.org/resource/2nd_President_of_the_United_States http://dbpedia.org/resource/Presidency_of_John_Adams http://dbpedia.org/resource/John_Adams"
"tt_1","4","0","http://dbpedia.org/resource/Presidency_of_thomas_jefferson http://dbpedia.org/resource/Thomas_Jefferson_1801_presidential_inauguration http://dbpedia.org/resource/Presidency_of_Thomas_Jefferson http://dbpedia.org/resource/Jefferson_presidency http://dbpedia.org/resource/Thomas_Jefferson's_presidency http://dbpedia.org/resource/Thomas_Jefferson's_First_Inaugural_Address http://dbpedia.org/resource/Thomas_Jefferson_1805_presidential_inauguration http://dbpedia.org/resource/Jefferson_Administration"
"tt_1","57","6","http://dbpedia.org/resource/Alben_Barkely http://dbpedia.org/resource/Albin_Barkely http://dbpedia.org/resource/Alben_W._Barkely http://dbpedia.org/resource/Alban_Barkley http://dbpedia.org/resource/Alvin_Barkley http://dbpedia.org/resource/Alben_Barkley http://dbpedia.org/resource/Alben_William_Barkley http://dbpedia.org/resource/Alben_W._Barkley http://dbpedia.org/resource/Albin_Barkley http://dbpedia.org/resource/Senator_Alben_Barkley http://dbpedia.org/resource/Alban_Barkely http://dbpedia.org/resource/Dorothy_Brower_Barkley http://dbpedia.org/resource/Alben_W_Barkley"
"tt_1","58","6","http://dbpedia.org/resource/Richard_M._Nixon http://dbpedia.org/resource/Nixon's http://dbpedia.org/resource/Nixonian http://dbpedia.org/resource/President_Richard_Nixon http://dbpedia.org/resource/Richard_Mixon http://dbpedia.org/resource/Tricky_Dick http://dbpedia.org/resource/Nixonite http://dbpedia.org/resource/Arthur_Burdg_Nixon http://dbpedia.org/resource/Richard_Nixon http://dbpedia.org/resource/Dick_Nixon http://dbpedia.org/resource/Nixon,_Richard http://dbpedia.org/resource/Richard_Milhouse_Nixon http://dbpedia.org/resource/Nixon http://dbpedia.org/resource/Nixon,_Richard_M. http://dbpedia.org/resource/President_Nixon http://dbpedia.org/resource/Tricky_dick http://dbpedia.org/resource/Nixson http://dbpedia.org/resource/Richard_Milhous_Nixon http://dbpedia.org/resource/Nixon,_Richard_Milhous http://dbpedia.org/resource/Richard_M_Nixon http://dbpedia.org/resource/Nichard_rixon http://dbpedia.org/resource/Richard_nixon http://dbpedia.org/resource/Rick_Nixon http://dbpedia.org/resource/Tricky_Dick_Nixon http://dbpedia.org/resource/Harold_Samuel_Nixon"
"tt_1","59","6","http://dbpedia.org/resource/Richard_M._Nixon http://dbpedia.org/resource/Nixon's http://dbpedia.org/resource/Nixonian http://dbpedia.org/resource/President_Richard_Nixon http://dbpedia.org/resource/Richard_Mixon http://dbpedia.org/resource/Tricky_Dick http://dbpedia.org/resource/Nixonite http://dbpedia.org/resource/Arthur_Burdg_Nixon http://dbpedia.org/resource/Richard_Nixon http://dbpedia.org/resource/Dick_Nixon http://dbpedia.org/resource/Nixon,_Richard http://dbpedia.org/resource/Richard_Milhouse_Nixon http://dbpedia.org/resource/Nixon http://dbpedia.org/resource/Nixon,_Richard_M. http://dbpedia.org/resource/President_Nixon http://dbpedia.org/resource/Tricky_dick http://dbpedia.org/resource/Nixson http://dbpedia.org/resource/Richard_Milhous_Nixon http://dbpedia.org/resource/Nixon,_Richard_Milhous http://dbpedia.org/resource/Richard_M_Nixon http://dbpedia.org/resource/Nichard_rixon http://dbpedia.org/resource/Richard_nixon http://dbpedia.org/resource/Rick_Nixon http://dbpedia.org/resource/Tricky_Dick_Nixon http://dbpedia.org/resource/Harold_Samuel_Nixon"
"tt_1","60","6","http://dbpedia.org/resource/Lyndon_B._Johnson http://dbpedia.org/resource/L._B._Johnson http://dbpedia.org/resource/Howard_University_Speech http://dbpedia.org/resource/Lyndon_Johnson http://dbpedia.org/resource/Lyndon_B_Johnson http://dbpedia.org/resource/Lindon_Johnson http://dbpedia.org/resource/Rebekah_Baines http://dbpedia.org/resource/President_Lyndon_Johnson http://dbpedia.org/resource/L.B._Johnson http://dbpedia.org/resource/President_Lyndon_B._Johnson http://dbpedia.org/resource/LBJ http://dbpedia.org/resource/L._B._Johnson_Administration http://dbpedia.org/resource/All_I_have_I_would_have_given_gladly... http://dbpedia.org/resource/Lyndon_johnson http://dbpedia.org/resource/President_Lyndon_Baines_Johnson http://dbpedia.org/resource/Lindon_B._Johnson http://dbpedia.org/resource/L._Johnson_Administration http://dbpedia.org/resource/Lyndon_Baynes_Johnson http://dbpedia.org/resource/Johnson,_Lyndon_Baines http://dbpedia.org/resource/Lyndon_Baines_Johnson_Administration http://dbpedia.org/resource/36th_President_of_the_United_States http://dbpedia.org/resource/Lyndon_Baines_Johnson http://dbpedia.org/resource/Lyndon_Johnson_Administration http://dbpedia.org/resource/President_lbj http://dbpedia.org/resource/Rebekah_Baines_Johnson http://dbpedia.org/resource/Lyndon_Banes_Johnson http://dbpedia.org/resource/Lbj http://dbpedia.org/resource/LB_Johnson http://dbpedia.org/resource/President_Lyndon_B_Johnson http://dbpedia.org/resource/L.B.J. http://dbpedia.org/resource/Lyndon_b_johnson http://dbpedia.org/resource/Lyndon_b._johnson http://dbpedia.org/resource/President_LBJ"
"tt_1","62","6","http://dbpedia.org/resource/Hubert_H_Humphrey http://dbpedia.org/resource/Hubet_Humphrey http://dbpedia.org/resource/Hubert_H._Humphrey_II http://dbpedia.org/resource/Hubert_Horatio_Humphrey_Jr. http://dbpedia.org/resource/Hubert_H._Humphrey,_Jr. http://dbpedia.org/resource/Hubert_Humphrey http://dbpedia.org/resource/Hubert_H._Humphrey,_II http://dbpedia.org/resource/Hubert_Horatio_Humphrey,_Jr. http://dbpedia.org/resource/Humphrey_Fellowship http://dbpedia.org/resource/Hubert_Humphrey,_II http://dbpedia.org/resource/Hubert_H._Humphrey http://dbpedia.org/resource/Humbert_Humphrey http://dbpedia.org/resource/Hubert_Horatio_Humphrey http://dbpedia.org/resource/Hubert_Humphrey,_Jr. http://dbpedia.org/resource/Vice_President_Humphrey http://dbpedia.org/resource/Hubert_Horatio_Humphrey,_II http://dbpedia.org/resource/Hubert_humphry"
"tt_1","63","6","http://dbpedia.org/resource/Spiro_Theodore_Agnew http://dbpedia.org/resource/Nattering_nabob_of_negativism http://dbpedia.org/resource/Agnew,_Spiro http://dbpedia.org/resource/Ted_Agnew http://dbpedia.org/resource/Agnew,_Spiro_T. http://dbpedia.org/resource/Spiro_Anagnostopoulos http://dbpedia.org/resource/Nattering_nabob_of_negativity http://dbpedia.org/resource/Spiro_T._Agnew http://dbpedia.org/resource/Spiros_Anagnostopoulos http://dbpedia.org/resource/Nattering_nabobs http://dbpedia.org/resource/T._Spiro_Agnew http://dbpedia.org/resource/Nattering_Nabobs_of_Negatism http://dbpedia.org/resource/Nattering_nabob http://dbpedia.org/resource/Spiro_Agnew http://dbpedia.org/resource/Nattering_nabobs_of_negativism http://dbpedia.org/resource/Agnew,_Spirou http://dbpedia.org/resource/Vice_President_Agnew http://dbpedia.org/resource/Agnew,_Spiro_Theodore"
"tt_1","64","6","http://dbpedia.org/resource/Spiro_Theodore_Agnew http://dbpedia.org/resource/Nattering_nabob_of_negativism http://dbpedia.org/resource/Agnew,_Spiro http://dbpedia.org/resource/Ted_Agnew http://dbpedia.org/resource/Agnew,_Spiro_T. http://dbpedia.org/resource/Spiro_Anagnostopoulos http://dbpedia.org/resource/Nattering_nabob_of_negativity http://dbpedia.org/resource/Spiro_T._Agnew http://dbpedia.org/resource/Spiros_Anagnostopoulos http://dbpedia.org/resource/Nattering_nabobs http://dbpedia.org/resource/T._Spiro_Agnew http://dbpedia.org/resource/Nattering_Nabobs_of_Negatism http://dbpedia.org/resource/Nattering_nabob http://dbpedia.org/resource/Spiro_Agnew http://dbpedia.org/resource/Nattering_nabobs_of_negativism http://dbpedia.org/resource/Agnew,_Spirou http://dbpedia.org/resource/Vice_President_Agnew http://dbpedia.org/resource/Agnew,_Spiro_Theodore"
"tt_1","66","6","http://dbpedia.org/resource/Assassination_attempts_on_Gerald_Ford http://dbpedia.org/resource/Ford,_Gerald http://dbpedia.org/resource/Gerald_R._Ford http://dbpedia.org/resource/Leslie_L_King http://dbpedia.org/resource/Gerald_ford http://dbpedia.org/resource/Gerald_Rudolph_Ford,_Jr. http://dbpedia.org/resource/U.S._President_Gerald_Ford http://dbpedia.org/resource/Gerald_R._Ford_Jr. http://dbpedia.org/resource/Gerry_Ford http://dbpedia.org/resource/38th_President_of_the_United_States http://dbpedia.org/resource/Gerald_R_Ford http://dbpedia.org/resource/Jerry_Ford http://dbpedia.org/resource/Gerald_R._Ford,_Jr http://dbpedia.org/resource/Gerald_Rudolph_Ford http://dbpedia.org/resource/Vice_President_Ford http://dbpedia.org/resource/Gerald_Rudolph,_Jr._Ford http://dbpedia.org/resource/Presidency_of_Gerald_R._Ford http://dbpedia.org/resource/Leslie_L._King http://dbpedia.org/resource/Gerald_Ford http://dbpedia.org/resource/Leslie_Lynch_King_Jr http://dbpedia.org/resource/Gerald_R._Ford,_Jr. http://dbpedia.org/resource/Leslie_Lynch_King,_Jr. http://dbpedia.org/resource/Ford_administration http://dbpedia.org/resource/Ford_Administration http://dbpedia.org/resource/Leslie_Lynch_King,_Jr http://dbpedia.org/resource/Gerald_fod http://dbpedia.org/resource/Leslie_Lynch_King_Jr. http://dbpedia.org/resource/Leslie_King,_Jr http://dbpedia.org/resource/President_Ford http://dbpedia.org/resource/Leslie_King,_Jr. http://dbpedia.org/resource/Leslie_Lynch_King http://dbpedia.org/resource/Gerald_Ford,_Jr. http://dbpedia.org/resource/President_Gerald_Ford http://dbpedia.org/resource/Birth_and_life_of_Gerald_Ford http://dbpedia.org/resource/Gerald_Rudolph_Ford_Jr. http://dbpedia.org/resource/President_Gerald_R._Ford"
"tt_1","68","6","http://dbpedia.org/resource/Nelson_Aldrich_Rockefeller http://dbpedia.org/resource/Nelson_Rockefeller http://dbpedia.org/resource/Nelson_A._Rockefeller http://dbpedia.org/resource/Vice_President_Rockefeller http://dbpedia.org/resource/Nelson_A_Rockefeller http://dbpedia.org/resource/Nelson_Rockfeller http://dbpedia.org/resource/Nelson_D._Rockefeller http://dbpedia.org/resource/Nelson_Rockefeler http://dbpedia.org/resource/Nelson_Rockfeler"
"tt_1","69","6","http://dbpedia.org/resource/Fritz_Mondale http://dbpedia.org/resource/Walter_F_Mondale http://dbpedia.org/resource/Walter_F._Mondale http://dbpedia.org/resource/Walter_Fritz_Mondale http://dbpedia.org/resource/Walter_Frederick_%22Fritz%22_Mondale http://dbpedia.org/resource/Walter_Mondale http://dbpedia.org/resource/Vice_President_Mondale http://dbpedia.org/resource/Walter_P._Mondale http://dbpedia.org/resource/Walter_Frederick_Mondale http://dbpedia.org/resource/Mondale"
"tt_1","70","6","http://dbpedia.org/resource/Bush_sr http://dbpedia.org/resource/President_George_H._W._Bush http://dbpedia.org/resource/George_Herbert_Bush http://dbpedia.org/resource/George_Bush_the_Elder http://dbpedia.org/resource/GHWB http://dbpedia.org/resource/Bush_I http://dbpedia.org/resource/George_H.W_Bush http://dbpedia.org/resource/Bush-41 http://dbpedia.org/resource/G._H._W._Bush http://dbpedia.org/resource/Daddy_Bush http://dbpedia.org/resource/Herbert_Walker_Bush http://dbpedia.org/resource/George_Bush_Snr. http://dbpedia.org/resource/41st_President_of_the_United_States http://dbpedia.org/resource/George_Bush_1 http://dbpedia.org/resource/Vice_President_Bush http://dbpedia.org/resource/George_h_bush http://dbpedia.org/resource/GeorgeHWBush http://dbpedia.org/resource/Senior_Bush http://dbpedia.org/resource/George_Bush_sr. http://dbpedia.org/resource/H._W._Bush http://dbpedia.org/resource/George_H_W http://dbpedia.org/resource/Bush-prime_minister_vomitus_incident,_1992 http://dbpedia.org/resource/George_H._Bush http://dbpedia.org/resource/H_W_Bush http://dbpedia.org/resource/Bush_(41) http://dbpedia.org/resource/Bush_Sr. http://dbpedia.org/resource/G.H.W._Bush http://dbpedia.org/resource/Bush_the_Elder http://dbpedia.org/resource/George_hw_bush http://dbpedia.org/resource/Bush_Snr. http://dbpedia.org/resource/H.W._Bush http://dbpedia.org/resource/George_H._W,_Bush http://dbpedia.org/resource/President_George_Herbert_Walker_Bush http://dbpedia.org/resource/George_H._W._Bush http://dbpedia.org/resource/George_H._W. http://dbpedia.org/resource/Hw_bush http://dbpedia.org/resource/%22Vision_thing%22 http://dbpedia.org/resource/Poppy_Bush http://dbpedia.org/resource/G._H._Bush http://dbpedia.org/resource/Bush_41 http://dbpedia.org/resource/George_the_Older http://dbpedia.org/resource/George_h.w._bush http://dbpedia.org/resource/George_Bush_(41st_U.S._President) http://dbpedia.org/resource/George_Herbert_Walker_Bush http://dbpedia.org/resource/G_H_W_Bush http://dbpedia.org/resource/George_the_elder http://dbpedia.org/resource/George_Bush_Sr. http://dbpedia.org/resource/President_George_H.W._Bush http://dbpedia.org/resource/GHW_Bush http://dbpedia.org/resource/George_H.W._Bush http://dbpedia.org/resource/The_vision_thing http://dbpedia.org/resource/George_H_W_Bush http://dbpedia.org/resource/George_Bush_(senior) http://dbpedia.org/resource/Bush_Senior http://dbpedia.org/resource/George_h.w_bush http://dbpedia.org/resource/President_Bush_(senior) http://dbpedia.org/resource/George_Bush_Sr http://dbpedia.org/resource/George_Bush_snr http://dbpedia.org/resource/Bushu-suru http://dbpedia.org/resource/George_Bush_Senior http://dbpedia.org/resource/George_H_Bush http://dbpedia.org/resource/@GeorgeHWBush http://dbpedia.org/resource/George_Bush_I http://dbpedia.org/resource/George_Bush,_Sr. http://dbpedia.org/resource/George_HW_Bush http://dbpedia.org/resource/George_Bush_(41) http://dbpedia.org/resource/George_H.W.Bush http://dbpedia.org/resource/George_H.W. http://dbpedia.org/resource/Papa_Bush"
"tt_1","71","6","http://dbpedia.org/resource/Bush_sr http://dbpedia.org/resource/President_George_H._W._Bush http://dbpedia.org/resource/George_Herbert_Bush http://dbpedia.org/resource/George_Bush_the_Elder http://dbpedia.org/resource/GHWB http://dbpedia.org/resource/Bush_I http://dbpedia.org/resource/George_H.W_Bush http://dbpedia.org/resource/Bush-41 http://dbpedia.org/resource/G._H._W._Bush http://dbpedia.org/resource/Daddy_Bush http://dbpedia.org/resource/Herbert_Walker_Bush http://dbpedia.org/resource/George_Bush_Snr. http://dbpedia.org/resource/41st_President_of_the_United_States http://dbpedia.org/resource/George_Bush_1 http://dbpedia.org/resource/Vice_President_Bush http://dbpedia.org/resource/George_h_bush http://dbpedia.org/resource/GeorgeHWBush http://dbpedia.org/resource/Senior_Bush http://dbpedia.org/resource/George_Bush_sr. http://dbpedia.org/resource/H._W._Bush http://dbpedia.org/resource/George_H_W http://dbpedia.org/resource/Bush-prime_minister_vomitus_incident,_1992 http://dbpedia.org/resource/George_H._Bush http://dbpedia.org/resource/H_W_Bush http://dbpedia.org/resource/Bush_(41) http://dbpedia.org/resource/Bush_Sr. http://dbpedia.org/resource/G.H.W._Bush http://dbpedia.org/resource/Bush_the_Elder http://dbpedia.org/resource/George_hw_bush http://dbpedia.org/resource/Bush_Snr. http://dbpedia.org/resource/H.W._Bush http://dbpedia.org/resource/George_H._W,_Bush http://dbpedia.org/resource/President_George_Herbert_Walker_Bush http://dbpedia.org/resource/George_H._W._Bush http://dbpedia.org/resource/George_H._W. http://dbpedia.org/resource/Hw_bush http://dbpedia.org/resource/%22Vision_thing%22 http://dbpedia.org/resource/Poppy_Bush http://dbpedia.org/resource/G._H._Bush http://dbpedia.org/resource/Bush_41 http://dbpedia.org/resource/George_the_Older http://dbpedia.org/resource/George_h.w._bush http://dbpedia.org/resource/George_Bush_(41st_U.S._President) http://dbpedia.org/resource/George_Herbert_Walker_Bush http://dbpedia.org/resource/G_H_W_Bush http://dbpedia.org/resource/George_the_elder http://dbpedia.org/resource/George_Bush_Sr. http://dbpedia.org/resource/President_George_H.W._Bush http://dbpedia.org/resource/GHW_Bush http://dbpedia.org/resource/George_H.W._Bush http://dbpedia.org/resource/The_vision_thing http://dbpedia.org/resource/George_H_W_Bush http://dbpedia.org/resource/George_Bush_(senior) http://dbpedia.org/resource/Bush_Senior http://dbpedia.org/resource/George_h.w_bush http://dbpedia.org/resource/President_Bush_(senior) http://dbpedia.org/resource/George_Bush_Sr http://dbpedia.org/resource/George_Bush_snr http://dbpedia.org/resource/Bushu-suru http://dbpedia.org/resource/George_Bush_Senior http://dbpedia.org/resource/George_H_Bush http://dbpedia.org/resource/@GeorgeHWBush http://dbpedia.org/resource/George_Bush_I http://dbpedia.org/resource/George_Bush,_Sr. http://dbpedia.org/resource/George_HW_Bush http://dbpedia.org/resource/George_Bush_(41) http://dbpedia.org/resource/George_H.W.Bush http://dbpedia.org/resource/George_H.W. http://dbpedia.org/resource/Papa_Bush"
"tt_1","72","6","http://dbpedia.org/resource/Dan_qualye http://dbpedia.org/resource/Dan_Quail http://dbpedia.org/resource/Dan_Quale http://dbpedia.org/resource/James_Danforth_%22Dan%22_Quayle http://dbpedia.org/resource/Dan_Quayle http://dbpedia.org/resource/Vice_President_Quayle http://dbpedia.org/resource/James_Danforth_Quayle http://dbpedia.org/resource/William_Figueroa http://dbpedia.org/resource/Dan_quale http://dbpedia.org/resource/Danforth_Quayle http://dbpedia.org/resource/Former_Vice_President_Quayle’s http://dbpedia.org/resource/J._%22Dan%22_Quayle http://dbpedia.org/resource/J._Danforth_Quayle http://dbpedia.org/resource/J._Danforth_Quayle_III http://dbpedia.org/resource/Quaylism http://dbpedia.org/resource/Danny_Quayle http://dbpedia.org/resource/Dan_quayle"
"tt_1","73","6","http://dbpedia.org/resource/Al_Gore_controversy http://dbpedia.org/resource/Al_Gore's_opinions http://dbpedia.org/resource/Albert_Gore,_Jr. http://dbpedia.org/resource/Popular_culture_depictions_of_Al_Gore http://dbpedia.org/resource/Al_gore http://dbpedia.org/resource/Al_Gore_controversies http://dbpedia.org/resource/Al_Gore http://dbpedia.org/resource/Al_Gore_III http://dbpedia.org/resource/Criticism_of_Al_Gore http://dbpedia.org/resource/Albert_Gore,_Jr http://dbpedia.org/resource/Al_Gore,_Jr. http://dbpedia.org/resource/Albert_Arnold_Gore/Criticisms http://dbpedia.org/resource/Albert_Arnold_Gore_Jr. http://dbpedia.org/resource/Draft_Al_Gore http://dbpedia.org/resource/Al_Gore,_Jr http://dbpedia.org/resource/Draft_Gore_movement http://dbpedia.org/resource/Albert_Arnold_Gore http://dbpedia.org/resource/Albert_A._Gore,_Jr. http://dbpedia.org/resource/Albert_Gore http://dbpedia.org/resource/Al_Gore_Platform http://dbpedia.org/resource/Albert_A._Gore http://dbpedia.org/resource/Albert_Gore_Jr. http://dbpedia.org/resource/Albert_A._Gore_Jr. http://dbpedia.org/resource/Gore_Personal_and_Political_Controversies http://dbpedia.org/resource/Al_Gore_Jr. http://dbpedia.org/resource/Albert_Arnold_(Al)_Gore_Jr. http://dbpedia.org/resource/The_Goracle http://dbpedia.org/resource/Al_Gore/Criticisms http://dbpedia.org/resource/Albert_Arnold_Gore,_Jr. http://dbpedia.org/resource/Draft_Al_Gore_movement http://dbpedia.org/resource/Vice_President_Gore http://dbpedia.org/resource/Gore,_Al http://dbpedia.org/resource/A._A._Gore http://dbpedia.org/resource/Sarah_Gore http://dbpedia.org/resource/Al_Gore's_views http://dbpedia.org/resource/Albert_Arnold_%22Al%22_Gore_II http://dbpedia.org/resource/Albert_Arnold_%22Al%22_Gore,_Jr. http://dbpedia.org/resource/Draft_Gore http://dbpedia.org/resource/Algore http://dbpedia.org/resource/Algorean http://dbpedia.org/resource/Goracle http://dbpedia.org/resource/Al_Gore_controversies_and_criticisms http://dbpedia.org/resource/Al_A._Gore http://dbpedia.org/resource/Vice_President_Al_Gore http://dbpedia.org/resource/ThreeLawsOfAlGore http://dbpedia.org/resource/Gore,_Albert_Arnold"
"tt_1","74","6","http://dbpedia.org/resource/Al_Gore_controversy http://dbpedia.org/resource/Al_Gore's_opinions http://dbpedia.org/resource/Albert_Gore,_Jr. http://dbpedia.org/resource/Popular_culture_depictions_of_Al_Gore http://dbpedia.org/resource/Al_gore http://dbpedia.org/resource/Al_Gore_controversies http://dbpedia.org/resource/Al_Gore http://dbpedia.org/resource/Al_Gore_III http://dbpedia.org/resource/Criticism_of_Al_Gore http://dbpedia.org/resource/Albert_Gore,_Jr http://dbpedia.org/resource/Al_Gore,_Jr. http://dbpedia.org/resource/Albert_Arnold_Gore/Criticisms http://dbpedia.org/resource/Albert_Arnold_Gore_Jr. http://dbpedia.org/resource/Draft_Al_Gore http://dbpedia.org/resource/Al_Gore,_Jr http://dbpedia.org/resource/Draft_Gore_movement http://dbpedia.org/resource/Albert_Arnold_Gore http://dbpedia.org/resource/Albert_A._Gore,_Jr. http://dbpedia.org/resource/Albert_Gore http://dbpedia.org/resource/Al_Gore_Platform http://dbpedia.org/resource/Albert_A._Gore http://dbpedia.org/resource/Albert_Gore_Jr. http://dbpedia.org/resource/Albert_A._Gore_Jr. http://dbpedia.org/resource/Gore_Personal_and_Political_Controversies http://dbpedia.org/resource/Al_Gore_Jr. http://dbpedia.org/resource/Albert_Arnold_(Al)_Gore_Jr. http://dbpedia.org/resource/The_Goracle http://dbpedia.org/resource/Al_Gore/Criticisms http://dbpedia.org/resource/Albert_Arnold_Gore,_Jr. http://dbpedia.org/resource/Draft_Al_Gore_movement http://dbpedia.org/resource/Vice_President_Gore http://dbpedia.org/resource/Gore,_Al http://dbpedia.org/resource/A._A._Gore http://dbpedia.org/resource/Sarah_Gore http://dbpedia.org/resource/Al_Gore's_views http://dbpedia.org/resource/Albert_Arnold_%22Al%22_Gore_II http://dbpedia.org/resource/Albert_Arnold_%22Al%22_Gore,_Jr. http://dbpedia.org/resource/Draft_Gore http://dbpedia.org/resource/Algore http://dbpedia.org/resource/Algorean http://dbpedia.org/resource/Goracle http://dbpedia.org/resource/Al_Gore_controversies_and_criticisms http://dbpedia.org/resource/Al_A._Gore http://dbpedia.org/resource/Vice_President_Al_Gore http://dbpedia.org/resource/ThreeLawsOfAlGore http://dbpedia.org/resource/Gore,_Albert_Arnold"
"tt_1","75","6","http://dbpedia.org/resource/Dick_Chenney http://dbpedia.org/resource/Dick_cheney http://dbpedia.org/resource/Vice-President_Cheney http://dbpedia.org/resource/Vice_President_Dick_Cheney http://dbpedia.org/resource/Dicky_Chaney http://dbpedia.org/resource/Robert_B._Cheney http://dbpedia.org/resource/Rick_Cheney http://dbpedia.org/resource/VP_Cheney http://dbpedia.org/resource/Richard_Cheney http://dbpedia.org/resource/Richard_B._Cheney http://dbpedia.org/resource/Dick_Cheny http://dbpedia.org/resource/Richard_Bruce_%22Dick%22_Cheney http://dbpedia.org/resource/Bush_cheney http://dbpedia.org/resource/Vice_President_Richard_Bruce_Cheney http://dbpedia.org/resource/Dick_cheyney http://dbpedia.org/resource/Richard_(Dick)_Cheney http://dbpedia.org/resource/Richard_%22Dick%22_Cheney http://dbpedia.org/resource/Dick_Cheney http://dbpedia.org/resource/Dick_chenny http://dbpedia.org/resource/Dick_Cheyney http://dbpedia.org/resource/Dick_Chaney http://dbpedia.org/resource/Vice_President_Cheney http://dbpedia.org/resource/Richard_Bruce_Cheney"
"tt_1","76","6","http://dbpedia.org/resource/Dick_Chenney http://dbpedia.org/resource/Dick_cheney http://dbpedia.org/resource/Vice-President_Cheney http://dbpedia.org/resource/Vice_President_Dick_Cheney http://dbpedia.org/resource/Dicky_Chaney http://dbpedia.org/resource/Robert_B._Cheney http://dbpedia.org/resource/Rick_Cheney http://dbpedia.org/resource/VP_Cheney http://dbpedia.org/resource/Richard_Cheney http://dbpedia.org/resource/Richard_B._Cheney http://dbpedia.org/resource/Dick_Cheny http://dbpedia.org/resource/Richard_Bruce_%22Dick%22_Cheney http://dbpedia.org/resource/Bush_cheney http://dbpedia.org/resource/Vice_President_Richard_Bruce_Cheney http://dbpedia.org/resource/Dick_cheyney http://dbpedia.org/resource/Richard_(Dick)_Cheney http://dbpedia.org/resource/Richard_%22Dick%22_Cheney http://dbpedia.org/resource/Dick_Cheney http://dbpedia.org/resource/Dick_chenny http://dbpedia.org/resource/Dick_Cheyney http://dbpedia.org/resource/Dick_Chaney http://dbpedia.org/resource/Vice_President_Cheney http://dbpedia.org/resource/Richard_Bruce_Cheney"
"tt_1","77","6","http://dbpedia.org/resource/Biden http://dbpedia.org/resource/Joe_R._Biden http://dbpedia.org/resource/Catherine_eugenia_finnegan http://dbpedia.org/resource/Joseph_R._Biden http://dbpedia.org/resource/Joseph_Robinette_%22Joe%22_Biden,_Jr. http://dbpedia.org/resource/Jo_Biden http://dbpedia.org/resource/Joseph_Biden,_Jr. http://dbpedia.org/resource/Vice_President_Biden http://dbpedia.org/resource/Senator_Joe_Biden http://dbpedia.org/resource/Amtrak_Joe http://dbpedia.org/resource/Joe_Bidden http://dbpedia.org/resource/Joseph_R._Biden,_Jr http://dbpedia.org/resource/Bdien http://dbpedia.org/resource/Joe_Biden,_Jr. http://dbpedia.org/resource/Joe_Bydin http://dbpedia.org/resource/Joseph_R._Biden,_Jr. http://dbpedia.org/resource/Joseph_R._Biden_Jr. http://dbpedia.org/resource/Joebiden http://dbpedia.org/resource/Biden,_Joseph_R.,_Jr. http://dbpedia.org/resource/Senator_O'Biden http://dbpedia.org/resource/Joseph_Robinette_Biden_Jr. http://dbpedia.org/resource/Joseph_Robinette_Biden http://dbpedia.org/resource/Joe_Biden http://dbpedia.org/resource/Biden,_Joe http://dbpedia.org/resource/Joel_Biden http://dbpedia.org/resource/Jean_Finnegan_Biden http://dbpedia.org/resource/Joe_R._Biden,_Jr. http://dbpedia.org/resource/Jean_Biden http://dbpedia.org/resource/Vice_President_Joe_Biden http://dbpedia.org/resource/Joesph_Biden http://dbpedia.org/resource/Joe_biden http://dbpedia.org/resource/O'Biden http://dbpedia.org/resource/Joseph_Robinette_Jr._Biden http://dbpedia.org/resource/Senator_OBiden http://dbpedia.org/resource/Ashley_Biden http://dbpedia.org/resource/Joseph_Biden http://dbpedia.org/resource/Joseph_Robinette_Biden,_Jr."
"tt_1","78","6","http://dbpedia.org/resource/Biden http://dbpedia.org/resource/Joe_R._Biden http://dbpedia.org/resource/Catherine_eugenia_finnegan http://dbpedia.org/resource/Joseph_R._Biden http://dbpedia.org/resource/Joseph_Robinette_%22Joe%22_Biden,_Jr. http://dbpedia.org/resource/Jo_Biden http://dbpedia.org/resource/Joseph_Biden,_Jr. http://dbpedia.org/resource/Vice_President_Biden http://dbpedia.org/resource/Senator_Joe_Biden http://dbpedia.org/resource/Amtrak_Joe http://dbpedia.org/resource/Joe_Bidden http://dbpedia.org/resource/Joseph_R._Biden,_Jr http://dbpedia.org/resource/Bdien http://dbpedia.org/resource/Joe_Biden,_Jr. http://dbpedia.org/resource/Joe_Bydin http://dbpedia.org/resource/Joseph_R._Biden,_Jr. http://dbpedia.org/resource/Joseph_R._Biden_Jr. http://dbpedia.org/resource/Joebiden http://dbpedia.org/resource/Biden,_Joseph_R.,_Jr. http://dbpedia.org/resource/Senator_O'Biden http://dbpedia.org/resource/Joseph_Robinette_Biden_Jr. http://dbpedia.org/resource/Joseph_Robinette_Biden http://dbpedia.org/resource/Joe_Biden http://dbpedia.org/resource/Biden,_Joe http://dbpedia.org/resource/Joel_Biden http://dbpedia.org/resource/Jean_Finnegan_Biden http://dbpedia.org/resource/Joe_R._Biden,_Jr. http://dbpedia.org/resource/Jean_Biden http://dbpedia.org/resource/Vice_President_Joe_Biden http://dbpedia.org/resource/Joesph_Biden http://dbpedia.org/resource/Joe_biden http://dbpedia.org/resource/O'Biden http://dbpedia.org/resource/Joseph_Robinette_Jr._Biden http://dbpedia.org/resource/Senator_OBiden http://dbpedia.org/resource/Ashley_Biden http://dbpedia.org/resource/Joseph_Biden http://dbpedia.org/resource/Joseph_Robinette_Biden,_Jr."
"tt_1","79","6","http://dbpedia.org/resource/Richard_Pence http://dbpedia.org/resource/Michael_Richard_Pence http://dbpedia.org/resource/Political_positions_of_Mike_Pence http://dbpedia.org/resource/Rep._Mike_Pence http://dbpedia.org/resource/Michael_pence http://dbpedia.org/resource/Mike_Pence http://dbpedia.org/resource/Michael_R._Pence http://dbpedia.org/resource/Mike_Ponce http://dbpedia.org/resource/Mike_pense http://dbpedia.org/resource/Michael_Pence"
"tt_2","1","0","http://dbpedia.org/resource/Ben_Chapman_(baseball) http://dbpedia.org/resource/Ben_Chapman_(baseball_player)"
"tt_2","2","0","http://dbpedia.org/resource/John_Noel_(sport_shooter)"
"tt_2","3","0","http://dbpedia.org/resource/William_Schneider_(politician) http://dbpedia.org/resource/William_J._Schneider"
"tt_2","4","0","http://dbpedia.org/resource/Kevin_Lee_(American_football)"
"tt_2","5","0","http://dbpedia.org/resource/Angela_Little_(actress)"
"tt_2","6","0","http://dbpedia.org/resource/Jerry_Wilson_(defensive_end)"
"tt_2","7","0","http://dbpedia.org/resource/Jimmy_Murphy_(musician)"
"tt_2","8","0","http://dbpedia.org/resource/Ernie_Johnson_(American_football) http://dbpedia.org/resource/Ernie_Johnson_(football)"
"tt_2","9","0","http://dbpedia.org/resource/Kathleen_Kennedy_(movie_producer) http://dbpedia.org/resource/Kathleen_Kennedy_(film_producer) http://dbpedia.org/resource/Kathleen_Kennedy_(producer)"
"tt_2","10","0","http://dbpedia.org/resource/School_House_Glock:_Extra_Credit http://dbpedia.org/resource/Mario_Delgado http://dbpedia.org/resource/Mars_(rapper)"
"tt_2","11","0","http://dbpedia.org/resource/Brian_Kelly_(CFL_player) http://dbpedia.org/resource/Brian_Kelly_(Canadian_football) http://dbpedia.org/resource/Brian_Kelly_(Canadian_football_player) http://dbpedia.org/resource/Brian_Kelly_(wide_receiver) http://dbpedia.org/resource/Brian_Kelly_(football_receiver)"
"tt_2","12","0","http://dbpedia.org/resource/Anthony_Brown_(basketball)"
"tt_2","13","0","http://dbpedia.org/resource/Jack_Harris_(American_football)"
"tt_2","14","0","http://dbpedia.org/resource/G._B._Edwards_(entomologist)"
"tt_2","15","0","http://dbpedia.org/resource/Rick_Jones_(politician) http://dbpedia.org/resource/Rick_Jones_(Michigan_politician)"
"tt_2","16","0","http://dbpedia.org/resource/George_Putnam_(newsman)"
"tt_2","17","0","http://dbpedia.org/resource/Tyler_Johnson_(baseball)"
"tt_2","18","0","http://dbpedia.org/resource/Joe_Glenn_(American_Football) http://dbpedia.org/resource/Joe_Glenn_(American_football)"
"tt_2","19","0","http://dbpedia.org/resource/Greg_Lewis_(basketball)"
"tt_2","20","0","http://dbpedia.org/resource/Harry_Lester http://dbpedia.org/resource/Justin_Lester_(wrestler)"
"tt_2","21","0","http://dbpedia.org/resource/Michael_Buckley_(author)"
"tt_2","22","0","http://dbpedia.org/resource/Scott_Stricklin_(baseball) http://dbpedia.org/resource/Scott_Stricklin_(baseball_coach)"
"tt_2","23","0","http://dbpedia.org/resource/Kevin_Young_(baseball) http://dbpedia.org/resource/Kevin_Young_(baseball_player)"
"tt_2","24","0","http://dbpedia.org/resource/Larry_Scott_(bodybuilder)"
"tt_2","25","0","http://dbpedia.org/resource/Al_Smith_(umpire)"
"tt_2","26","0","http://dbpedia.org/resource/Raymond_Hitchcock_(actor)"
"tt_2","27","0","http://dbpedia.org/resource/Robert_Gabriel_Marx http://dbpedia.org/resource/Robert_Marx_(fencer)"
"tt_2","28","0","http://dbpedia.org/resource/John_Silas_Reed http://dbpedia.org/resource/John_Reed_(writer) http://dbpedia.org/resource/John_Reed_(journalist) http://dbpedia.org/resource/John_Reed_(journaliste)"
"tt_2","29","0","http://dbpedia.org/resource/Wayne_Mills_(singer)"
"tt_2","30","0","http://dbpedia.org/resource/William_Tyler_(musician)"
"tt_2","31","0","http://dbpedia.org/resource/Preston_Brown_(wide_receiver)"
"tt_2","32","0","http://dbpedia.org/resource/Charles_Davis_(basketball) http://dbpedia.org/resource/Charles_Davis_(basketball,_born_1958)"
"tt_2","33","0","http://dbpedia.org/resource/Russ_Freeman_(guitarist)"
"tt_2","34","0","http://dbpedia.org/resource/Chris_Porter_(basketballer) http://dbpedia.org/resource/Chris_Porter_(basketball)"
"tt_2","35","0","http://dbpedia.org/resource/Bill_Latham_(baseball)"
"tt_2","36","0","http://dbpedia.org/resource/Ricky_Jones_(American_football)"
"tt_2","37","0","http://dbpedia.org/resource/Albert_Hall_(baseball) http://dbpedia.org/resource/Albert_Hall_(MLB_outfielder)"
"tt_2","38","0","http://dbpedia.org/resource/Nick_Williams_(defensive_lineman) http://dbpedia.org/resource/Nicholas_Williams_(American_football)"
"tt_2","39","0","http://dbpedia.org/resource/Stan_White_(quarterback)"
"tt_2","40","0","http://dbpedia.org/resource/William_Barnes_(baseball) http://dbpedia.org/resource/Bill_Barnes_(baseball)"
"tt_2","41","0","http://dbpedia.org/resource/David_Martin_Dahl http://dbpedia.org/resource/David_Dahl_(baseball)"
"tt_2","42","0","http://dbpedia.org/resource/Howard_Murphy_(baseball)"
"tt_2","43","0","http://dbpedia.org/resource/Ed_Shaw_(American_football) http://dbpedia.org/resource/Edson_Shaw"
"tt_2","44","0","http://dbpedia.org/resource/Tony_Davis_(running_back)"
"tt_2","45","0","http://dbpedia.org/resource/David_Landis_(politician) http://dbpedia.org/resource/David_Landis_(Nebraska_state_senator)"
"tt_2","46","0","http://dbpedia.org/resource/Jerry_Smith_(footbal_player) http://dbpedia.org/resource/Jerry_Smith_(NFL_player) http://dbpedia.org/resource/Jerry_Smith_(football_player) http://dbpedia.org/resource/Jerry_Smith_(American_football)"
"tt_2","47","0","http://dbpedia.org/resource/Greg_Gary_(basketball)"
"tt_2","48","0","http://dbpedia.org/resource/Joe_Courtney_(basketball)"
"tt_2","49","0","http://dbpedia.org/resource/Aaron_Harper_(basketball)"
"tt_3","1","0","http://dbpedia.org/resource/Arsenal_London http://dbpedia.org/resource/Arsenal_F._C. http://dbpedia.org/resource/ARSENAL_FOOTBALL_CLUB http://dbpedia.org/resource/Arsenal_Gunners http://dbpedia.org/resource/List_of_current_Arsenal_FC_players http://dbpedia.org/resource/Arsenal_F_C http://dbpedia.org/resource/Arsenal_F.C. http://dbpedia.org/resource/Arsenal_f._c. http://dbpedia.org/resource/The_Gunners http://dbpedia.org/resource/Arsenal_appreciation http://dbpedia.org/resource/Arsenal:The_Official_Magazine http://dbpedia.org/resource/Wolwich_Arsenal http://dbpedia.org/resource/Arsenal_Football_Club http://dbpedia.org/resource/Victoria_Concordia_Crescit http://dbpedia.org/resource/Royal_Arsenal_F.C. http://dbpedia.org/resource/The_Gooners http://dbpedia.org/resource/Arsenal.com http://dbpedia.org/resource/Woolwich_Arsenal_F.C. http://dbpedia.org/resource/Arsenal.F.C http://dbpedia.org/resource/Dial_Square http://dbpedia.org/resource/FC_Arsenal http://dbpedia.org/resource/Arsenal_FC http://dbpedia.org/resource/Arsenal_F.C http://dbpedia.org/resource/The_Arsenal http://dbpedia.org/resource/Arsenal_fc"
"tt_3","2","0","http://dbpedia.org/resource/Villa_football_club http://dbpedia.org/resource/Aston_vil http://dbpedia.org/resource/Aston_Villa_Football_Club http://dbpedia.org/resource/Aston_Villa_FC http://dbpedia.org/resource/Aston_Villa http://dbpedia.org/resource/Aston_Villa_F_C http://dbpedia.org/resource/Aston_Villa_F._C. http://dbpedia.org/resource/Aston_Villa_Hall_of_Fame http://dbpedia.org/resource/Aston_Villa_F.C. http://dbpedia.org/resource/AVFC http://dbpedia.org/resource/Aston_villa http://dbpedia.org/resource/Villa_News_and_Record http://dbpedia.org/resource/Aston_Villa_F.C"
"tt_3","3","0","http://dbpedia.org/resource/Association_Football_Club_Bournemouth http://dbpedia.org/resource/AFC_Bournemouth http://dbpedia.org/resource/A.F.C._Bournemouth http://dbpedia.org/resource/Afc_bournemouth http://dbpedia.org/resource/Bournemouth_&_Boscombe_Athletic http://dbpedia.org/resource/Bournemouth_A.F.C. http://dbpedia.org/resource/A.F.C._Bournemouth_&_Boscombe_Athletic http://dbpedia.org/resource/Bournemouth_AFC http://dbpedia.org/resource/Boscombe_F.C. http://dbpedia.org/resource/A._F._C._Bournemouth http://dbpedia.org/resource/A_F_C_Bournemouth http://dbpedia.org/resource/FC_Bournemouth http://dbpedia.org/resource/Bournemouth_&_Boscombe_Athletic_F.C. http://dbpedia.org/resource/F.C._Bournemouth http://dbpedia.org/resource/The_Cherries http://dbpedia.org/resource/Afc_Bournemouth"
"tt_3","4","0","http://dbpedia.org/resource/B&HA http://dbpedia.org/resource/Brighton_&_Hove_Albion http://dbpedia.org/resource/Brighton_and_Hove_Albion http://dbpedia.org/resource/Brighton_and_Hove_Albion_F.C. http://dbpedia.org/resource/BHAFC http://dbpedia.org/resource/Brighton_&_Hove_Albion_F.C http://dbpedia.org/resource/Brighton_&_Hove_Albion_FC http://dbpedia.org/resource/Brighton_&_Hove_Albion_F._C. http://dbpedia.org/resource/Brighton_and_Hove_Albion_Football_Club http://dbpedia.org/resource/Brighton_and_Hove_Albion_FC http://dbpedia.org/resource/Brighton_&_Hove_Albion_Football_Club http://dbpedia.org/resource/Brighton_and_hove_albion http://dbpedia.org/resource/Brighton_&_Hove_Albion_F.C. http://dbpedia.org/resource/Brighton_&_Hove_Albion_F_C"
"tt_3","5","0","http://dbpedia.org/resource/Burnley_F_C http://dbpedia.org/resource/Burnley_F._C. http://dbpedia.org/resource/Clarets http://dbpedia.org/resource/Burnley_F.C. http://dbpedia.org/resource/Burnley_Football_Club http://dbpedia.org/resource/The_Clarets http://dbpedia.org/resource/Dingle_FC http://dbpedia.org/resource/Burnley_FC http://dbpedia.org/resource/Burnley_F.C http://dbpedia.org/resource/Burnley_fc"
"tt_3","6","0","http://dbpedia.org/resource/Chelse_FC%5C http://dbpedia.org/resource/Chelsea_Player_of_the_Year http://dbpedia.org/resource/Fc_chelsea http://dbpedia.org/resource/Chelsea_FC_Squad http://dbpedia.org/resource/Full_Chelsea_FC_Squad http://dbpedia.org/resource/Chelsea_football_club http://dbpedia.org/resource/Chelsea_FC_Plc http://dbpedia.org/resource/The_Pensioners http://dbpedia.org/resource/Cheslea_fc http://dbpedia.org/resource/Chelsea_FC http://dbpedia.org/resource/Chelsea_fc http://dbpedia.org/resource/The_Blues_(London) http://dbpedia.org/resource/Chelsea_Football_Club http://dbpedia.org/resource/Chelsea_F.C http://dbpedia.org/resource/Chelsea_FC_London http://dbpedia.org/resource/Chelsea_F.C. http://dbpedia.org/resource/FC_Chelsea http://dbpedia.org/resource/Chelsea's http://dbpedia.org/resource/Chelseafc http://dbpedia.org/resource/Chelsea_F_C http://dbpedia.org/resource/Chelsea_F._C. http://dbpedia.org/resource/Chelsea_London_F.C. http://dbpedia.org/resource/Chelsea_player_of_the_year"
"tt_3","7","0","http://dbpedia.org/resource/Crystal_palace_fc. http://dbpedia.org/resource/Crystal_Palace_F_C http://dbpedia.org/resource/CPFC http://dbpedia.org/resource/Crystal_palace_fc http://dbpedia.org/resource/Crystal_Palace_(football_club) http://dbpedia.org/resource/Crystal_Palace_F.C._Reserves http://dbpedia.org/resource/Crystal_palace_f.c http://dbpedia.org/resource/Crystal_Palace_F.C. http://dbpedia.org/resource/Crystal_Palace_Football_Club http://dbpedia.org/resource/Crystal_Palace_F._C. http://dbpedia.org/resource/Cpfc http://dbpedia.org/resource/C.P.F.C. http://dbpedia.org/resource/Chrystal_Palace_F.C. http://dbpedia.org/resource/F.C_Crystal_Palace http://dbpedia.org/resource/Crystal_Palace_FC http://dbpedia.org/resource/C.P.F.C"
"tt_3","8","0","http://dbpedia.org/resource/St._Domingo's_F.C. http://dbpedia.org/resource/Everton_FC http://dbpedia.org/resource/Everton_fc http://dbpedia.org/resource/The_Everton_Song http://dbpedia.org/resource/Everton_F.C. http://dbpedia.org/resource/The_Toffees http://dbpedia.org/resource/The_School_of_Science http://dbpedia.org/resource/Everton_F._C. http://dbpedia.org/resource/Everton_F_C http://dbpedia.org/resource/Everton_Football_Club http://dbpedia.org/resource/Everton_Giant http://dbpedia.org/resource/Toffeemen http://dbpedia.org/resource/Everton_F.C http://dbpedia.org/resource/The_Toffeemen http://dbpedia.org/resource/Evertonian http://dbpedia.org/resource/Toffees http://dbpedia.org/resource/The_Blues_(Liverpool) http://dbpedia.org/resource/E.F.C. http://dbpedia.org/resource/The_People's_Club"
"tt_3","9","0","http://dbpedia.org/resource/Leicester_City_football_club http://dbpedia.org/resource/Leicester_City_F_C http://dbpedia.org/resource/Leicetser_City_F.C. http://dbpedia.org/resource/Leicester_city_football_club http://dbpedia.org/resource/Leicester_Fosse http://dbpedia.org/resource/Leicester_Fosse_FC http://dbpedia.org/resource/Leicester_Fosse_F.C. http://dbpedia.org/resource/Leicester_City http://dbpedia.org/resource/Leicester_f.c http://dbpedia.org/resource/Filbert_the_Fox http://dbpedia.org/resource/Leicester_City_F.C._staff http://dbpedia.org/resource/Leicester_City_FC http://dbpedia.org/resource/Leicester_City_F.C. http://dbpedia.org/resource/Leicester_XI http://dbpedia.org/resource/Leicester_City_Football_Club http://dbpedia.org/resource/Leicester_City_F._C. http://dbpedia.org/resource/Leicester_City_F.C"
"tt_3","10","0","http://dbpedia.org/resource/FC_Liverpool http://dbpedia.org/resource/Through_the_wind_and_rain http://dbpedia.org/resource/Liverpool_F.C. http://dbpedia.org/resource/Liverpool_Football_Club http://dbpedia.org/resource/Liverpool_F.C._Player_of_the_Season http://dbpedia.org/resource/Liverpool_Fc http://dbpedia.org/resource/Through_the_Wind_and_Rain http://dbpedia.org/resource/Liverpool_F_C http://dbpedia.org/resource/Player_of_the_Season http://dbpedia.org/resource/Koppites http://dbpedia.org/resource/KOP_Choir http://dbpedia.org/resource/Kopite http://dbpedia.org/resource/Liverpool_FC http://dbpedia.org/resource/Liverpool_F._C http://dbpedia.org/resource/Liverpool_Collective http://dbpedia.org/resource/Liverpool_f.c. http://dbpedia.org/resource/Liverpool_football_club http://dbpedia.org/resource/Liverpool_F._C. http://dbpedia.org/resource/Liverpool_footballl_club http://dbpedia.org/resource/L.F.C. http://dbpedia.org/resource/The_Road_End http://dbpedia.org/resource/Liverpool_fc http://dbpedia.org/resource/Kopites http://dbpedia.org/resource/Liverpool_F.C"
"tt_3","11","0","http://dbpedia.org/resource/Manchester_City_F.C http://dbpedia.org/resource/Manchester_city_fc http://dbpedia.org/resource/Manchester_City_FC http://dbpedia.org/resource/The_Blues_(Manchester) http://dbpedia.org/resource/Mancity http://dbpedia.org/resource/Manchester_C http://dbpedia.org/resource/Ardwick_A.F.C. http://dbpedia.org/resource/Manchester_City_F.C. http://dbpedia.org/resource/Man._City http://dbpedia.org/resource/Manchester_City_F._C. http://dbpedia.org/resource/John_Wardle_(businessman) http://dbpedia.org/resource/Man_C http://dbpedia.org/resource/Ardwick_Association_Football_Club http://dbpedia.org/resource/Manchester_City http://dbpedia.org/resource/Man_City_FC http://dbpedia.org/resource/Ardwick_AFC http://dbpedia.org/resource/Manchester_City_Citizens http://dbpedia.org/resource/Man_c http://dbpedia.org/resource/Ardwick_F.C. http://dbpedia.org/resource/Man_City http://dbpedia.org/resource/Manchester_city http://dbpedia.org/resource/Man_city http://dbpedia.org/resource/Manchester_City_Football_Club http://dbpedia.org/resource/Manchester_City_F_C"
"tt_3","12","0","http://dbpedia.org/resource/Man._u http://dbpedia.org/resource/Mufc http://dbpedia.org/resource/MUFC http://dbpedia.org/resource/Man_Utd http://dbpedia.org/resource/Man_UTD http://dbpedia.org/resource/Manchester_Untied_F.C. http://dbpedia.org/resource/Newton_Heath_L&YR_FC http://dbpedia.org/resource/ManU http://dbpedia.org/resource/Manchester+United http://dbpedia.org/resource/Manchester_unted http://dbpedia.org/resource/Man_United http://dbpedia.org/resource/Manchester_United_FC http://dbpedia.org/resource/Manchester_United_F._C. http://dbpedia.org/resource/Manchester_United http://dbpedia.org/resource/Fc_man_utd http://dbpedia.org/resource/Manchester_Red_Devils http://dbpedia.org/resource/Manchester_United_F_C http://dbpedia.org/resource/Man_U http://dbpedia.org/resource/F.c._man_utd http://dbpedia.org/resource/Manchester_Utd_FC http://dbpedia.org/resource/Manc_united http://dbpedia.org/resource/Manchester_U http://dbpedia.org/resource/Manchester_united http://dbpedia.org/resource/Man_Yoo http://dbpedia.org/resource/M.U.F.C. http://dbpedia.org/resource/Manchester_Utd http://dbpedia.org/resource/Manchester_United_Football_Squad http://dbpedia.org/resource/Newton_Heath_LYR_F.C. http://dbpedia.org/resource/ManUtd http://dbpedia.org/resource/Newton_Heath_F.C. http://dbpedia.org/resource/Manchester_United_F.C. http://dbpedia.org/resource/Machester_United http://dbpedia.org/resource/Manchester_United_plc http://dbpedia.org/resource/Manchester_united_F.C. http://dbpedia.org/resource/Man._United http://dbpedia.org/resource/Manchester_Utd. http://dbpedia.org/resource/Man_u http://dbpedia.org/resource/Manutd http://dbpedia.org/resource/ManYoo http://dbpedia.org/resource/Manchester_united_squad http://dbpedia.org/resource/Manchester_United_Football_Club http://dbpedia.org/resource/Manchester_United_F.C http://dbpedia.org/resource/Man-U http://dbpedia.org/resource/Man_utd http://dbpedia.org/resource/Newton_Heath_L&YR_F.C."
"tt_3","8","1","http://dbpedia.org/resource/Walton-on-the-Hill,_Lancashire http://dbpedia.org/resource/Walton_(Merseyside) http://dbpedia.org/resource/Walton,_Merseyside http://dbpedia.org/resource/Walton,_Liverpool http://dbpedia.org/resource/Walton,_Lancashire"
"tt_3","9","1","http://dbpedia.org/resource/Leicester http://dbpedia.org/resource/Leicester,_England http://dbpedia.org/resource/City_of_Leicester http://dbpedia.org/resource/UN/LOCODE:GBLCS http://dbpedia.org/resource/Liecester http://dbpedia.org/resource/Caerlyr http://dbpedia.org/resource/Leicesterians http://dbpedia.org/resource/Leicester_UA http://dbpedia.org/resource/Caerlŷr http://dbpedia.org/resource/County_Borough_of_Leicester http://dbpedia.org/resource/Leicester,_United_Kingdom http://dbpedia.org/resource/Leicester,_Leicestershire http://dbpedia.org/resource/Leicester,_UK http://dbpedia.org/resource/Leycester http://dbpedia.org/resource/History_of_Leicester"
"tt_3","10","1","http://dbpedia.org/resource/Anfield,_Liverpool http://dbpedia.org/resource/Anfield_(district)"
"tt_3","11","1","http://dbpedia.org/resource/City_of_Manchester http://dbpedia.org/resource/The_weather_in_Manchester http://dbpedia.org/resource/Machester http://dbpedia.org/resource/Mancs http://dbpedia.org/resource/Manchester,_U.K. http://dbpedia.org/resource/County_Borough_of_Manchester http://dbpedia.org/resource/Climate_of_Manchester http://dbpedia.org/resource/Manchester,_Greater_Manchester http://dbpedia.org/resource/Metropolitan_Borough_of_Manchester http://dbpedia.org/resource/Manchester_(city,_England) http://dbpedia.org/resource/Manchester_(borough) http://dbpedia.org/resource/Manchester,_England http://dbpedia.org/resource/Manchester_developments http://dbpedia.org/resource/Manchester_(UK) http://dbpedia.org/resource/Manchester,_United_Kingdom http://dbpedia.org/resource/England_Manchester http://dbpedia.org/resource/Manchester,_UK http://dbpedia.org/resource/UN/LOCODE:GBMNC http://dbpedia.org/resource/Drizzlechester http://dbpedia.org/resource/Manchester_(England) http://dbpedia.org/resource/Manchester"
"tt_3","12","1","http://dbpedia.org/resource/Old_Trafford,_Manchester http://dbpedia.org/resource/Old_Trafford,_Greater_Manchester"
"tt_3","13","1","http://dbpedia.org/resource/City_of_Newcastle-upon-Tyne http://dbpedia.org/resource/Newcastle_upon_Tyne_(borough) http://dbpedia.org/resource/Newscastle http://dbpedia.org/resource/NuT http://dbpedia.org/resource/Metropolitan_Borough_of_Newcastle_upon_Tyne http://dbpedia.org/resource/Newcastle,_Tyne_&_Wear http://dbpedia.org/resource/Newcastle_upon_Tyne,_England http://dbpedia.org/resource/Newcastle_On_Tyne http://dbpedia.org/resource/Newcastle_UK http://dbpedia.org/resource/Newcastle-upon-Tyne,_Electoral_wards. http://dbpedia.org/resource/Metropolitan_Borough_of_Newcastle-upon-Tyne http://dbpedia.org/resource/Newcastle_Metropolitan_Borough_Council http://dbpedia.org/resource/UN/LOCODE:GBNCL http://dbpedia.org/resource/Newcastle_upon_Tyne,_United_Kingdom http://dbpedia.org/resource/Newcastle-upon-tyne http://dbpedia.org/resource/Newcastle,_Tyne_and_Wear http://dbpedia.org/resource/Newcastle_Upon-Tyne http://dbpedia.org/resource/Newcastle-upon-Tyne http://dbpedia.org/resource/Newcastle_Upon_Tyne,_England http://dbpedia.org/resource/Newcastle_upon_tyne http://dbpedia.org/resource/Newcastle_upon_Tyne http://dbpedia.org/resource/City_of_Newcastle_upon_Tyne http://dbpedia.org/resource/Newcastle-on-Tyne http://dbpedia.org/resource/Newcastle-Upon-Tyne http://dbpedia.org/resource/County_Borough_of_Newcastle_upon_Tyne http://dbpedia.org/resource/Newcastle_on_Tyne http://dbpedia.org/resource/Monkchester http://dbpedia.org/resource/List_of_publications_printed_in_Newcastle_upon_Tyne http://dbpedia.org/resource/Collingwood_Street http://dbpedia.org/resource/Newcastle_Upon_Tyne http://dbpedia.org/resource/Newscastle_Upon_Tyne,_England http://dbpedia.org/resource/Newcastle,_UK"
"tt_3","14","1","http://dbpedia.org/resource/County_Borough_of_Norwich http://dbpedia.org/resource/UN/LOCODE:GBNRW http://dbpedia.org/resource/History_of_Norwich http://dbpedia.org/resource/Norwich,_UK http://dbpedia.org/resource/Norwich,_United_Kingdom http://dbpedia.org/resource/Norwich http://dbpedia.org/resource/Lord_Mayor_of_Norwich http://dbpedia.org/resource/Norwich,_England http://dbpedia.org/resource/Norwich_uk http://dbpedia.org/resource/Norwich,_East_Anglia http://dbpedia.org/resource/Norwich,_Norfolk http://dbpedia.org/resource/Naarwich"
"tt_3","15","1","http://dbpedia.org/resource/County_Borough_of_Sheffield http://dbpedia.org/resource/Sheffield_(city) http://dbpedia.org/resource/Sheffield,_England http://dbpedia.org/resource/Sheffield,_Great_Britain http://dbpedia.org/resource/Shefield http://dbpedia.org/resource/Metropolitan_Borough_of_Sheffield http://dbpedia.org/resource/Sheffield,_UK http://dbpedia.org/resource/Sheffield_(district) http://dbpedia.org/resource/UN/LOCODE:GBSHE http://dbpedia.org/resource/Sheffield,_United_Kingdom http://dbpedia.org/resource/Trams_in_Sheffield http://dbpedia.org/resource/Sheffield,_U.K. http://dbpedia.org/resource/Sheffield_(borough) http://dbpedia.org/resource/City_of_Sheffield http://dbpedia.org/resource/Sheffield http://dbpedia.org/resource/Sheffield_england"
"tt_3","16","1","http://dbpedia.org/resource/Southampton_(district) http://dbpedia.org/resource/The_weather_in_Southampton http://dbpedia.org/resource/Southampton,_England http://dbpedia.org/resource/Southampton,_Hampshire http://dbpedia.org/resource/Southampton_Council http://dbpedia.org/resource/Southhampton,_England http://dbpedia.org/resource/County_Borough_of_Southampton http://dbpedia.org/resource/Southampton_(city) http://dbpedia.org/resource/City_of_Southampton http://dbpedia.org/resource/UN/LOCODE:GBSOU http://dbpedia.org/resource/Soton http://dbpedia.org/resource/Southampton_Corporation http://dbpedia.org/resource/Southampton_UA http://dbpedia.org/resource/Southhampton http://dbpedia.org/resource/Southampton,_U.K. http://dbpedia.org/resource/Hamtun http://dbpedia.org/resource/Southampton http://dbpedia.org/resource/Sotonian http://dbpedia.org/resource/So'ton"
"tt_3","17","1","http://dbpedia.org/resource/Tottenham http://dbpedia.org/resource/Tottenham,_London,_England http://dbpedia.org/resource/Tottenham,_Middlesex http://dbpedia.org/resource/Tottenham,_United_Kingdom http://dbpedia.org/resource/Tottenham,_London http://dbpedia.org/resource/Totenham http://dbpedia.org/resource/Tottenham,_England"
"tt_3","18","1","http://dbpedia.org/resource/Watford,_United_Kingdom http://dbpedia.org/resource/Borough_of_Watford http://dbpedia.org/resource/Watford_Colosseum http://dbpedia.org/resource/Watford,_Hertfordshire http://dbpedia.org/resource/Watford_Official_Website http://dbpedia.org/resource/Watford,_England http://dbpedia.org/resource/Municipal_Borough_of_Watford http://dbpedia.org/resource/WATFORD http://dbpedia.org/resource/Watford"
"tt_3","19","1","http://dbpedia.org/resource/Stratford,_Essex http://dbpedia.org/resource/Strand_East http://dbpedia.org/resource/Stratford,_London http://dbpedia.org/resource/West_Ham_Church_Of_England_Primary_School http://dbpedia.org/resource/Stratford_Langthorne http://dbpedia.org/resource/Stratford,_London,_England http://dbpedia.org/resource/Stratford_in_London"
"tt_3","20","1","http://dbpedia.org/resource/Wolverhampton_(borough) http://dbpedia.org/resource/City_of_Wolverhampton http://dbpedia.org/resource/W'ton http://dbpedia.org/resource/Wolverhamptonshire http://dbpedia.org/resource/Wolverhampton http://dbpedia.org/resource/Wulfrunians http://dbpedia.org/resource/Moseley_park_school http://dbpedia.org/resource/Wolverhampton,_England http://dbpedia.org/resource/Wolvenhampton http://dbpedia.org/resource/County_Borough_of_Wolverhampton http://dbpedia.org/resource/Metropolitan_Borough_of_Wolverhampton http://dbpedia.org/resource/History_of_Wolverhampton http://dbpedia.org/resource/Wulfrunian http://dbpedia.org/resource/Heantune http://dbpedia.org/resource/Wolvo http://dbpedia.org/resource/VVolverhampton"
"tt_3","1","2","http://dbpedia.org/resource/Emirates_Stadium http://dbpedia.org/resource/Emirates_stadium http://dbpedia.org/resource/Arsenal_Football_Ground http://dbpedia.org/resource/The_Emirates_Stadium http://dbpedia.org/resource/The_Emirates http://dbpedia.org/resource/Ashburton_Grove"
"tt_3","2","2","http://dbpedia.org/resource/Villa_Park_(stadium) http://dbpedia.org/resource/Trinity_Road_Stand http://dbpedia.org/resource/Villa_Park,_England http://dbpedia.org/resource/Doug_Ellis_Stand http://dbpedia.org/resource/Holte_end http://dbpedia.org/resource/Holte_End http://dbpedia.org/resource/Villa_Park http://dbpedia.org/resource/Aston_Lower_Grounds"
"tt_3","3","2","http://dbpedia.org/resource/Seward_Stadium http://dbpedia.org/resource/Goldsands_Stadium http://dbpedia.org/resource/Fitness_First_Stadium http://dbpedia.org/resource/Dean_Court_Stadium http://dbpedia.org/resource/Dean_Court http://dbpedia.org/resource/Vitality_Stadium"
"tt_3","4","2","http://dbpedia.org/resource/AMEX_Stadium http://dbpedia.org/resource/American_Express_Community_Stadium http://dbpedia.org/resource/Falmer_stadium http://dbpedia.org/resource/The_Amex http://dbpedia.org/resource/Brighton_Community_Stadium http://dbpedia.org/resource/The_American_Express_Community_Stadium http://dbpedia.org/resource/Amex_Stadium http://dbpedia.org/resource/Falmer_Stadium http://dbpedia.org/resource/American_Express_Stadium"
"tt_3","5","2","http://dbpedia.org/resource/Turf_Moor http://dbpedia.org/resource/Turf_moor"
"tt_3","6","2","http://dbpedia.org/resource/Stamford_Bridge_(football) http://dbpedia.org/resource/Stamford_Bridge_(stadium%5C http://dbpedia.org/resource/Shed_End http://dbpedia.org/resource/Stamford_Bridge(stadium) http://dbpedia.org/resource/Stamford_Bridge_football_ground http://dbpedia.org/resource/Stamford_Bridge_Stadium http://dbpedia.org/resource/Stamford_Bridge_(stadium)"
"tt_3","7","2","http://dbpedia.org/resource/Selhurst_Park http://dbpedia.org/resource/Selhurst_Park_football_ground http://dbpedia.org/resource/Crystal_Palace_football_ground"
"tt_3","8","2","http://dbpedia.org/resource/Goodison_Park http://dbpedia.org/resource/Goodisson_Park"
"tt_3","9","2","http://dbpedia.org/resource/KP_Stadium http://dbpedia.org/resource/Walker_Stadium http://dbpedia.org/resource/King_Power_Stadium http://dbpedia.org/resource/Filbo http://dbpedia.org/resource/Leicester_City_Stadium http://dbpedia.org/resource/Filbert_Way http://dbpedia.org/resource/Walkers_Stadium"
"tt_3","10","2","http://dbpedia.org/resource/New_Liverpool_Stadium http://dbpedia.org/resource/Anfield_Stadium http://dbpedia.org/resource/Carlsberg_Anfield http://dbpedia.org/resource/Anfield_Road http://dbpedia.org/resource/Anfield http://dbpedia.org/resource/Anfield_stadium http://dbpedia.org/resource/New_anfield http://dbpedia.org/resource/Shankly_Gates"
"tt_3","11","2","http://dbpedia.org/resource/City_of_Manchester_stadium http://dbpedia.org/resource/The_council_house http://dbpedia.org/resource/Ethiad_Stadium_(Manchester) http://dbpedia.org/resource/Etihad_Stadium_(Manchester) http://dbpedia.org/resource/CoMS http://dbpedia.org/resource/Eastlands_Stadium http://dbpedia.org/resource/City_of_Manchester_Stadium http://dbpedia.org/resource/City_of_manchester_stadium"
"tt_3","12","2","http://dbpedia.org/resource/Old_Trafford http://dbpedia.org/resource/Theater_of_Dreams http://dbpedia.org/resource/Theatre_of_dreams http://dbpedia.org/resource/Old_Trafford_(football_ground) http://dbpedia.org/resource/Old_Trafford_(football) http://dbpedia.org/resource/Sir_Alex_Ferguson_Stand http://dbpedia.org/resource/Old_Trafford_Stadium http://dbpedia.org/resource/The_Sir_Alex_Ferguson_Stand http://dbpedia.org/resource/Aeroflot_Stadium http://dbpedia.org/resource/Manchester_United_Museum http://dbpedia.org/resource/Chevrolet_Stadium http://dbpedia.org/resource/Old_Trafford_Football_Stadium http://dbpedia.org/resource/United_Road"
"tt_3","13","2","http://dbpedia.org/resource/Saint_James_Park,_Newcastle http://dbpedia.org/resource/Saint_James's_Park,_Newcastle http://dbpedia.org/resource/Saint_James'_Park,_Newcastle http://dbpedia.org/resource/St_James's_Park,_Newcastle http://dbpedia.org/resource/St._James'_Park,_Newcastle http://dbpedia.org/resource/Sports_Direct_Arena_(Newcastle) http://dbpedia.org/resource/St._James's_Park,_Newcastle http://dbpedia.org/resource/Sportsdirect.com_@_St_James'_Park_Stadium http://dbpedia.org/resource/Go_Town. http://dbpedia.org/resource/St_James_Park,_Newcastle http://dbpedia.org/resource/St_James'_Park,_Newcastle http://dbpedia.org/resource/St._James'_Park http://dbpedia.org/resource/St._James_Park,_Newcastle http://dbpedia.org/resource/St_James'_Park http://dbpedia.org/resource/St_James'_Park_(Newcastle) http://dbpedia.org/resource/St_James’_Park http://dbpedia.org/resource/The_Sports_Direct_Arena"
"tt_3","14","2","http://dbpedia.org/resource/Carrow_Road"
"tt_3","15","2","http://dbpedia.org/resource/Bramall_Lane_Cricket_Ground http://dbpedia.org/resource/Bramall_Lane_Stadium http://dbpedia.org/resource/BDTBL http://dbpedia.org/resource/Bramall_lane http://dbpedia.org/resource/Bramall_Lane http://dbpedia.org/resource/Bramhall_Lane http://dbpedia.org/resource/Brammall_Lane"
"tt_3","16","2","http://dbpedia.org/resource/St_Mary's_Stadium http://dbpedia.org/resource/St_marys_stadium http://dbpedia.org/resource/St_Mary's_Stadium_curse http://dbpedia.org/resource/Friends'_Provident_St_Mary's_Stadium http://dbpedia.org/resource/St._Mary's_Stadium http://dbpedia.org/resource/Friends_Provident_St_Mary's_Stadium"
"tt_3","18","2","http://dbpedia.org/resource/Vicarage_road http://dbpedia.org/resource/Vicarage_Road_stadium http://dbpedia.org/resource/Vicarage_Road http://dbpedia.org/resource/Vicarage_Road_(stadium) http://dbpedia.org/resource/The_Rookery_Stand http://dbpedia.org/resource/Vicarage_Road_Stadium"
"tt_3","19","2","http://dbpedia.org/resource/2012_Olympic_Stadium http://dbpedia.org/resource/Olympic_Stadium_(London) http://dbpedia.org/resource/London_2012_Olympic_Stadium http://dbpedia.org/resource/Olympic_Stadium,_London http://dbpedia.org/resource/London_stadium_185 http://dbpedia.org/resource/Olympic_Stadium_London http://dbpedia.org/resource/London_Olympic_Stadium http://dbpedia.org/resource/Stratford_Stadium http://dbpedia.org/resource/London_Stadium http://dbpedia.org/resource/Olympic_stadium_(London)"
"tt_3","20","2","http://dbpedia.org/resource/The_Molineux http://dbpedia.org/resource/Wolves_Park http://dbpedia.org/resource/Molineux_stadium http://dbpedia.org/resource/Molineux_Stadium"
"tt_4","1","0","http://dbpedia.org/resource/Arsenal_London http://dbpedia.org/resource/Arsenal_F._C. http://dbpedia.org/resource/ARSENAL_FOOTBALL_CLUB http://dbpedia.org/resource/Arsenal_Gunners http://dbpedia.org/resource/List_of_current_Arsenal_FC_players http://dbpedia.org/resource/Arsenal_F_C http://dbpedia.org/resource/Arsenal_F.C. http://dbpedia.org/resource/Arsenal_f._c. http://dbpedia.org/resource/The_Gunners http://dbpedia.org/resource/Arsenal_appreciation http://dbpedia.org/resource/Arsenal:The_Official_Magazine http://dbpedia.org/resource/Wolwich_Arsenal http://dbpedia.org/resource/Arsenal_Football_Club http://dbpedia.org/resource/Victoria_Concordia_Crescit http://dbpedia.org/resource/Royal_Arsenal_F.C. http://dbpedia.org/resource/The_Gooners http://dbpedia.org/resource/Arsenal.com http://dbpedia.org/resource/Woolwich_Arsenal_F.C. http://dbpedia.org/resource/Arsenal.F.C http://dbpedia.org/resource/Dial_Square http://dbpedia.org/resource/FC_Arsenal http://dbpedia.org/resource/Arsenal_FC http://dbpedia.org/resource/Arsenal_F.C http://dbpedia.org/resource/The_Arsenal http://dbpedia.org/resource/Arsenal_fc"
"tt_4","2","0","http://dbpedia.org/resource/Villa_football_club http://dbpedia.org/resource/Aston_vil http://dbpedia.org/resource/Aston_Villa_Football_Club http://dbpedia.org/resource/Aston_Villa_FC http://dbpedia.org/resource/Aston_Villa http://dbpedia.org/resource/Aston_Villa_F_C http://dbpedia.org/resource/Aston_Villa_F._C. http://dbpedia.org/resource/Aston_Villa_Hall_of_Fame http://dbpedia.org/resource/Aston_Villa_F.C. http://dbpedia.org/resource/AVFC http://dbpedia.org/resource/Aston_villa http://dbpedia.org/resource/Villa_News_and_Record http://dbpedia.org/resource/Aston_Villa_F.C"
"tt_4","3","0","http://dbpedia.org/resource/Association_Football_Club_Bournemouth http://dbpedia.org/resource/AFC_Bournemouth http://dbpedia.org/resource/A.F.C._Bournemouth http://dbpedia.org/resource/Afc_bournemouth http://dbpedia.org/resource/Bournemouth_&_Boscombe_Athletic http://dbpedia.org/resource/Bournemouth_A.F.C. http://dbpedia.org/resource/A.F.C._Bournemouth_&_Boscombe_Athletic http://dbpedia.org/resource/Bournemouth_AFC http://dbpedia.org/resource/Boscombe_F.C. http://dbpedia.org/resource/A._F._C._Bournemouth http://dbpedia.org/resource/A_F_C_Bournemouth http://dbpedia.org/resource/FC_Bournemouth http://dbpedia.org/resource/Bournemouth_&_Boscombe_Athletic_F.C. http://dbpedia.org/resource/F.C._Bournemouth http://dbpedia.org/resource/The_Cherries http://dbpedia.org/resource/Afc_Bournemouth"
"tt_4","4","0","http://dbpedia.org/resource/B&HA http://dbpedia.org/resource/Brighton_&_Hove_Albion http://dbpedia.org/resource/Brighton_and_Hove_Albion http://dbpedia.org/resource/Brighton_and_Hove_Albion_F.C. http://dbpedia.org/resource/BHAFC http://dbpedia.org/resource/Brighton_&_Hove_Albion_F.C http://dbpedia.org/resource/Brighton_&_Hove_Albion_FC http://dbpedia.org/resource/Brighton_&_Hove_Albion_F._C. http://dbpedia.org/resource/Brighton_and_Hove_Albion_Football_Club http://dbpedia.org/resource/Brighton_and_Hove_Albion_FC http://dbpedia.org/resource/Brighton_&_Hove_Albion_Football_Club http://dbpedia.org/resource/Brighton_and_hove_albion http://dbpedia.org/resource/Brighton_&_Hove_Albion_F.C. http://dbpedia.org/resource/Brighton_&_Hove_Albion_F_C"
"tt_4","5","0","http://dbpedia.org/resource/Burnley_F_C http://dbpedia.org/resource/Burnley_F._C. http://dbpedia.org/resource/Clarets http://dbpedia.org/resource/Burnley_F.C. http://dbpedia.org/resource/Burnley_Football_Club http://dbpedia.org/resource/The_Clarets http://dbpedia.org/resource/Dingle_FC http://dbpedia.org/resource/Burnley_FC http://dbpedia.org/resource/Burnley_F.C http://dbpedia.org/resource/Burnley_fc"
"tt_4","6","0","http://dbpedia.org/resource/Chelse_FC%5C http://dbpedia.org/resource/Chelsea_Player_of_the_Year http://dbpedia.org/resource/Fc_chelsea http://dbpedia.org/resource/Chelsea_FC_Squad http://dbpedia.org/resource/Full_Chelsea_FC_Squad http://dbpedia.org/resource/Chelsea_football_club http://dbpedia.org/resource/Chelsea_FC_Plc http://dbpedia.org/resource/The_Pensioners http://dbpedia.org/resource/Cheslea_fc http://dbpedia.org/resource/Chelsea_FC http://dbpedia.org/resource/Chelsea_fc http://dbpedia.org/resource/The_Blues_(London) http://dbpedia.org/resource/Chelsea_Football_Club http://dbpedia.org/resource/Chelsea_F.C http://dbpedia.org/resource/Chelsea_FC_London http://dbpedia.org/resource/Chelsea_F.C. http://dbpedia.org/resource/FC_Chelsea http://dbpedia.org/resource/Chelsea's http://dbpedia.org/resource/Chelseafc http://dbpedia.org/resource/Chelsea_F_C http://dbpedia.org/resource/Chelsea_F._C. http://dbpedia.org/resource/Chelsea_London_F.C. http://dbpedia.org/resource/Chelsea_player_of_the_year"
"tt_4","7","0","http://dbpedia.org/resource/Crystal_palace_fc. http://dbpedia.org/resource/Crystal_Palace_F_C http://dbpedia.org/resource/CPFC http://dbpedia.org/resource/Crystal_palace_fc http://dbpedia.org/resource/Crystal_Palace_(football_club) http://dbpedia.org/resource/Crystal_Palace_F.C._Reserves http://dbpedia.org/resource/Crystal_palace_f.c http://dbpedia.org/resource/Crystal_Palace_F.C. http://dbpedia.org/resource/Crystal_Palace_Football_Club http://dbpedia.org/resource/Crystal_Palace_F._C. http://dbpedia.org/resource/Cpfc http://dbpedia.org/resource/C.P.F.C. http://dbpedia.org/resource/Chrystal_Palace_F.C. http://dbpedia.org/resource/F.C_Crystal_Palace http://dbpedia.org/resource/Crystal_Palace_FC http://dbpedia.org/resource/C.P.F.C"
"tt_4","8","0","http://dbpedia.org/resource/St._Domingo's_F.C. http://dbpedia.org/resource/Everton_FC http://dbpedia.org/resource/Everton_fc http://dbpedia.org/resource/The_Everton_Song http://dbpedia.org/resource/Everton_F.C. http://dbpedia.org/resource/The_Toffees http://dbpedia.org/resource/The_School_of_Science http://dbpedia.org/resource/Everton_F._C. http://dbpedia.org/resource/Everton_F_C http://dbpedia.org/resource/Everton_Football_Club http://dbpedia.org/resource/Everton_Giant http://dbpedia.org/resource/Toffeemen http://dbpedia.org/resource/Everton_F.C http://dbpedia.org/resource/The_Toffeemen http://dbpedia.org/resource/Evertonian http://dbpedia.org/resource/Toffees http://dbpedia.org/resource/The_Blues_(Liverpool) http://dbpedia.org/resource/E.F.C. http://dbpedia.org/resource/The_People's_Club"
"tt_4","9","0","http://dbpedia.org/resource/Leicester_City_football_club http://dbpedia.org/resource/Leicester_City_F_C http://dbpedia.org/resource/Leicetser_City_F.C. http://dbpedia.org/resource/Leicester_city_football_club http://dbpedia.org/resource/Leicester_Fosse http://dbpedia.org/resource/Leicester_Fosse_FC http://dbpedia.org/resource/Leicester_Fosse_F.C. http://dbpedia.org/resource/Leicester_City http://dbpedia.org/resource/Leicester_f.c http://dbpedia.org/resource/Filbert_the_Fox http://dbpedia.org/resource/Leicester_City_F.C._staff http://dbpedia.org/resource/Leicester_City_FC http://dbpedia.org/resource/Leicester_City_F.C. http://dbpedia.org/resource/Leicester_XI http://dbpedia.org/resource/Leicester_City_Football_Club http://dbpedia.org/resource/Leicester_City_F._C. http://dbpedia.org/resource/Leicester_City_F.C"
"tt_4","10","0","http://dbpedia.org/resource/FC_Liverpool http://dbpedia.org/resource/Through_the_wind_and_rain http://dbpedia.org/resource/Liverpool_F.C. http://dbpedia.org/resource/Liverpool_Football_Club http://dbpedia.org/resource/Liverpool_F.C._Player_of_the_Season http://dbpedia.org/resource/Liverpool_Fc http://dbpedia.org/resource/Through_the_Wind_and_Rain http://dbpedia.org/resource/Liverpool_F_C http://dbpedia.org/resource/Player_of_the_Season http://dbpedia.org/resource/Koppites http://dbpedia.org/resource/KOP_Choir http://dbpedia.org/resource/Kopite http://dbpedia.org/resource/Liverpool_FC http://dbpedia.org/resource/Liverpool_F._C http://dbpedia.org/resource/Liverpool_Collective http://dbpedia.org/resource/Liverpool_f.c. http://dbpedia.org/resource/Liverpool_football_club http://dbpedia.org/resource/Liverpool_F._C. http://dbpedia.org/resource/Liverpool_footballl_club http://dbpedia.org/resource/L.F.C. http://dbpedia.org/resource/The_Road_End http://dbpedia.org/resource/Liverpool_fc http://dbpedia.org/resource/Kopites http://dbpedia.org/resource/Liverpool_F.C"
"tt_4","11","0","http://dbpedia.org/resource/Manchester_City_F.C http://dbpedia.org/resource/Manchester_city_fc http://dbpedia.org/resource/Manchester_City_FC http://dbpedia.org/resource/The_Blues_(Manchester) http://dbpedia.org/resource/Mancity http://dbpedia.org/resource/Manchester_C http://dbpedia.org/resource/Ardwick_A.F.C. http://dbpedia.org/resource/Manchester_City_F.C. http://dbpedia.org/resource/Man._City http://dbpedia.org/resource/Manchester_City_F._C. http://dbpedia.org/resource/John_Wardle_(businessman) http://dbpedia.org/resource/Man_C http://dbpedia.org/resource/Ardwick_Association_Football_Club http://dbpedia.org/resource/Manchester_City http://dbpedia.org/resource/Man_City_FC http://dbpedia.org/resource/Ardwick_AFC http://dbpedia.org/resource/Manchester_City_Citizens http://dbpedia.org/resource/Man_c http://dbpedia.org/resource/Ardwick_F.C. http://dbpedia.org/resource/Man_City http://dbpedia.org/resource/Manchester_city http://dbpedia.org/resource/Man_city http://dbpedia.org/resource/Manchester_City_Football_Club http://dbpedia.org/resource/Manchester_City_F_C"
"tt_4","12","0","http://dbpedia.org/resource/Man._u http://dbpedia.org/resource/Mufc http://dbpedia.org/resource/MUFC http://dbpedia.org/resource/Man_Utd http://dbpedia.org/resource/Man_UTD http://dbpedia.org/resource/Manchester_Untied_F.C. http://dbpedia.org/resource/Newton_Heath_L&YR_FC http://dbpedia.org/resource/ManU http://dbpedia.org/resource/Manchester+United http://dbpedia.org/resource/Manchester_unted http://dbpedia.org/resource/Man_United http://dbpedia.org/resource/Manchester_United_FC http://dbpedia.org/resource/Manchester_United_F._C. http://dbpedia.org/resource/Manchester_United http://dbpedia.org/resource/Fc_man_utd http://dbpedia.org/resource/Manchester_Red_Devils http://dbpedia.org/resource/Manchester_United_F_C http://dbpedia.org/resource/Man_U http://dbpedia.org/resource/F.c._man_utd http://dbpedia.org/resource/Manchester_Utd_FC http://dbpedia.org/resource/Manc_united http://dbpedia.org/resource/Manchester_U http://dbpedia.org/resource/Manchester_united http://dbpedia.org/resource/Man_Yoo http://dbpedia.org/resource/M.U.F.C. http://dbpedia.org/resource/Manchester_Utd http://dbpedia.org/resource/Manchester_United_Football_Squad http://dbpedia.org/resource/Newton_Heath_LYR_F.C. http://dbpedia.org/resource/ManUtd http://dbpedia.org/resource/Newton_Heath_F.C. http://dbpedia.org/resource/Manchester_United_F.C. http://dbpedia.org/resource/Machester_United http://dbpedia.org/resource/Manchester_United_plc http://dbpedia.org/resource/Manchester_united_F.C. http://dbpedia.org/resource/Man._United http://dbpedia.org/resource/Manchester_Utd. http://dbpedia.org/resource/Man_u http://dbpedia.org/resource/Manutd http://dbpedia.org/resource/ManYoo http://dbpedia.org/resource/Manchester_united_squad http://dbpedia.org/resource/Manchester_United_Football_Club http://dbpedia.org/resource/Manchester_United_F.C http://dbpedia.org/resource/Man-U http://dbpedia.org/resource/Man_utd http://dbpedia.org/resource/Newton_Heath_L&YR_F.C."
"tt_4","13","0","http://dbpedia.org/resource/Newcastle_utd http://dbpedia.org/resource/Nufc http://dbpedia.org/resource/Newcastle_United_F.C http://dbpedia.org/resource/Newcastle_UFC http://dbpedia.org/resource/Newcastle_united_fc http://dbpedia.org/resource/Newcastle_United_FC http://dbpedia.org/resource/The_toon http://dbpedia.org/resource/Newcastle_United_Football_Club http://dbpedia.org/resource/Newcastle_united http://dbpedia.org/resource/United_For_Newcastle http://dbpedia.org/resource/Newcastle_United_F_C http://dbpedia.org/resource/Newcastle_Untied_F.C. http://dbpedia.org/resource/Newcastle_United http://dbpedia.org/resource/Newcastle_United_F._C. http://dbpedia.org/resource/NUFC.com http://dbpedia.org/resource/Nufc.com http://dbpedia.org/resource/Newcastle_Utd http://dbpedia.org/resource/Toon_Army http://dbpedia.org/resource/Newcastle_United_F.C. http://dbpedia.org/resource/NUFC"
"tt_4","14","0","http://dbpedia.org/resource/Norwich_city http://dbpedia.org/resource/Norwich_City http://dbpedia.org/resource/Norwich_CityF.C. http://dbpedia.org/resource/Norwich_City_FC. http://dbpedia.org/resource/Norwich_city_fc http://dbpedia.org/resource/NorwichFC http://dbpedia.org/resource/Norwich_City_Football_Club http://dbpedia.org/resource/Norwich_FC http://dbpedia.org/resource/Norwich_City_F.C. http://dbpedia.org/resource/Norwich_City_F_C http://dbpedia.org/resource/Norwich_fc http://dbpedia.org/resource/Norwich_F.C. http://dbpedia.org/resource/Norwich_City_F._C. http://dbpedia.org/resource/Norwich_City_FC http://dbpedia.org/resource/Norwich_City_F.C http://dbpedia.org/resource/Canary_Call http://dbpedia.org/resource/Norwich_City_Soccer_Club"
"tt_4","15","0","http://dbpedia.org/resource/Sheffield_United_F_C http://dbpedia.org/resource/Sheffield_United http://dbpedia.org/resource/Sheffield_Untied_F.C. http://dbpedia.org/resource/Sheffield_United_F._C. http://dbpedia.org/resource/Sheffield_United_FC http://dbpedia.org/resource/Sheffield_United_A.F.C. http://dbpedia.org/resource/Piggy_Blunts http://dbpedia.org/resource/Sheff_Utd http://dbpedia.org/resource/Sheffield_Utd http://dbpedia.org/resource/Sheff_U http://dbpedia.org/resource/Sheffield_United_F.C http://dbpedia.org/resource/Red_and_White_Wizards http://dbpedia.org/resource/Thrash_Wednesday http://dbpedia.org/resource/Sheffield_United_F.C. http://dbpedia.org/resource/Sheffield_United_Football_Club"
"tt_4","16","0","http://dbpedia.org/resource/Saints_FC http://dbpedia.org/resource/Southampton_F.C http://dbpedia.org/resource/Southampton_St._Mary's_F.C. http://dbpedia.org/resource/Saints_Football_Club http://dbpedia.org/resource/St._Mary's_Y.M.A. http://dbpedia.org/resource/Dr_barry_gale http://dbpedia.org/resource/St._Mary's_Y.M.A._F.C. http://dbpedia.org/resource/Southampton_FC http://dbpedia.org/resource/Southampton_fc http://dbpedia.org/resource/Southampton_F.C. http://dbpedia.org/resource/Soton_FC http://dbpedia.org/resource/Southampton_Football_Club http://dbpedia.org/resource/Southampton_F_C http://dbpedia.org/resource/Soton_F.C. http://dbpedia.org/resource/Barry_Gale http://dbpedia.org/resource/Southampton_St_Mary's http://dbpedia.org/resource/St_Mary's_YMA"
"tt_4","17","0","http://dbpedia.org/resource/Tottenham_Hotspur_F.C http://dbpedia.org/resource/Tottenham_Hotspur_FC http://dbpedia.org/resource/Hotspurs http://dbpedia.org/resource/Tottenham_Hotspur_Football_Club http://dbpedia.org/resource/Thfc http://dbpedia.org/resource/Tottenham_Hotspurs_FC http://dbpedia.org/resource/FC_Tottenham http://dbpedia.org/resource/Tottenham_Hostpur http://dbpedia.org/resource/Tottenham_FC http://dbpedia.org/resource/Tottenham_Hotspur_F.C. http://dbpedia.org/resource/THFC http://dbpedia.org/resource/Tottenham_Hotspur http://dbpedia.org/resource/Tottenham_Hotspurs http://dbpedia.org/resource/Audere_est_facere http://dbpedia.org/resource/Spurs_FC http://dbpedia.org/resource/The_lilywhites http://dbpedia.org/resource/Tottenham_Hotspur_F._C. http://dbpedia.org/resource/Tottenham_Hotspur_F_C http://dbpedia.org/resource/Tottenham_Hotspur_Foundation http://dbpedia.org/resource/Tottenham_Hotspurs_F.C. http://dbpedia.org/resource/COYS http://dbpedia.org/resource/Spurs_manager http://dbpedia.org/resource/Hotspur_Football_Club http://dbpedia.org/resource/Yid_Army http://dbpedia.org/resource/Hotspur_F.C."
"tt_4","18","0","http://dbpedia.org/resource/Watford_Town_F.C. http://dbpedia.org/resource/Watford_F.C._squad http://dbpedia.org/resource/West_Hertfordshire_F.C. http://dbpedia.org/resource/Watfordfc.com http://dbpedia.org/resource/Watford_Football_Club http://dbpedia.org/resource/Watford_F_C http://dbpedia.org/resource/The_hornets http://dbpedia.org/resource/Watford_A.F.C. http://dbpedia.org/resource/Watford_Rovers http://dbpedia.org/resource/Watford_F.C http://dbpedia.org/resource/The_'Orns http://dbpedia.org/resource/W.F.C. http://dbpedia.org/resource/Watford_F.C. http://dbpedia.org/resource/Watford_Rovers_F.C. http://dbpedia.org/resource/Watford_fc http://dbpedia.org/resource/Watford_F._C. http://dbpedia.org/resource/West_Herts_F.C. http://dbpedia.org/resource/Watford_FC http://dbpedia.org/resource/The_yellow_hornets"
"tt_4","19","0","http://dbpedia.org/resource/West_Ham_United http://dbpedia.org/resource/West_Ham_Utd http://dbpedia.org/resource/Whufc http://dbpedia.org/resource/West_Ham_United_F._C. http://dbpedia.org/resource/West_Ham_United_F_C http://dbpedia.org/resource/West_Ham_United_FC http://dbpedia.org/resource/West_Ham_United_Football_Club http://dbpedia.org/resource/The_Irons http://dbpedia.org/resource/WHUFC http://dbpedia.org/resource/West_ham_fc http://dbpedia.org/resource/West_Ham_United_F.C."
"tt_4","20","0","http://dbpedia.org/resource/Wolverhampton_wanderers_soccer http://dbpedia.org/resource/Wolverhampton_Wanderers_FC http://dbpedia.org/resource/Wolverhampton_Wanderers_F_C http://dbpedia.org/resource/Wolverhampton_Wanderers_F._C. http://dbpedia.org/resource/Subway_Army http://dbpedia.org/resource/Wolverhampton_Wanderers_Football_Club http://dbpedia.org/resource/Wolves_F.C. http://dbpedia.org/resource/Wolverhampton_wanderers_football http://dbpedia.org/resource/Wolverhampton_soccer http://dbpedia.org/resource/Jonathan_Flatt http://dbpedia.org/resource/Wolves_FC http://dbpedia.org/resource/Wolverhampton_football_club http://dbpedia.org/resource/Wolverhampton_soccer_club http://dbpedia.org/resource/Wolverhampton_Wanderers_F.C. http://dbpedia.org/resource/Wolverhampton_Wanderers http://dbpedia.org/resource/Wolverhampton_Wolves_FC"
"tt_4","1","1","http://dbpedia.org/resource/Unai_Emery"
"tt_4","2","1","http://dbpedia.org/resource/Dean_Smith_(footballer,_born_1971)"
"tt_4","3","1","http://dbpedia.org/resource/Edward_John_Frank_Howe http://dbpedia.org/resource/Eddie_Howe"
"tt_4","4","1","http://dbpedia.org/resource/Graham_Potter"
"tt_4","5","1","http://dbpedia.org/resource/Shaun_Dyche http://dbpedia.org/resource/Ginger_mourinho http://dbpedia.org/resource/Sean_Dyche"
"tt_4","6","1","http://dbpedia.org/resource/Frank_James_Lampard http://dbpedia.org/resource/Frank_James_Lampard,_Jr. http://dbpedia.org/resource/Elen_Rivas http://dbpedia.org/resource/Frank_Lampard_Jr. http://dbpedia.org/resource/Frank_J._Lampard,_Jr. http://dbpedia.org/resource/Super_frank http://dbpedia.org/resource/Frankie_Lamps http://dbpedia.org/resource/Frank_Lampard"
"tt_4","7","1","http://dbpedia.org/resource/Roy_Hodgson http://dbpedia.org/resource/Roy_Hodgeson"
"tt_4","8","1","http://dbpedia.org/resource/Marco_Silva_(footballer) http://dbpedia.org/resource/Marco_Silva"
"tt_4","9","1","http://dbpedia.org/resource/Brendan_Rogers http://dbpedia.org/resource/Brendan_Rodgers"
"tt_4","10","1","http://dbpedia.org/resource/Juergen_Klopp http://dbpedia.org/resource/Jurgen_Norbert_Klopp http://dbpedia.org/resource/Jürgen_Klopp http://dbpedia.org/resource/Kloppo http://dbpedia.org/resource/Γιούργκεν_Κλοπ http://dbpedia.org/resource/Juergen_Norbert_Klopp http://dbpedia.org/resource/Jürgen_Norbert_Klopp http://dbpedia.org/resource/Jurgen_Klopp"
"tt_4","11","1","http://dbpedia.org/resource/Josep_Guardiola_Sala http://dbpedia.org/resource/Pep_Team http://dbpedia.org/resource/Josep_Guardiola http://dbpedia.org/resource/Pep_Guardiola http://dbpedia.org/resource/Josep_Guardiola_i_Sala"
"tt_4","12","1","http://dbpedia.org/resource/Ole_Gunnar_Solskjaer http://dbpedia.org/resource/Ole_Gunner_Solsjkaer http://dbpedia.org/resource/OLE_GUNNAR_SOLSKJAER http://dbpedia.org/resource/Ole_gooner_solskjaer http://dbpedia.org/resource/Solksjaer http://dbpedia.org/resource/Solskjær http://dbpedia.org/resource/Solskjaer http://dbpedia.org/resource/Ole_solskjaer http://dbpedia.org/resource/O.G._SOLSKJAER http://dbpedia.org/resource/Ole_Gunnar_Solskjær"
"tt_4","13","1","http://dbpedia.org/resource/Stephen_Roger_Bruce http://dbpedia.org/resource/Steve_Bruce"
"tt_5","1","0","http://dbpedia.org/resource/Campbell,_Glen http://dbpedia.org/resource/Billie_Campbell http://dbpedia.org/resource/Glen_Campbell http://dbpedia.org/resource/Glen_Travis_Campbell"
"tt_5","2","0","http://dbpedia.org/resource/Campbell,_Glen http://dbpedia.org/resource/Billie_Campbell http://dbpedia.org/resource/Glen_Campbell http://dbpedia.org/resource/Glen_Travis_Campbell"
"tt_5","3","0","http://dbpedia.org/resource/Campbell,_Glen http://dbpedia.org/resource/Billie_Campbell http://dbpedia.org/resource/Glen_Campbell http://dbpedia.org/resource/Glen_Travis_Campbell"
"tt_5","4","0","http://dbpedia.org/resource/Campbell,_Glen http://dbpedia.org/resource/Billie_Campbell http://dbpedia.org/resource/Glen_Campbell http://dbpedia.org/resource/Glen_Travis_Campbell"
"tt_5","5","0","http://dbpedia.org/resource/Campbell,_Glen http://dbpedia.org/resource/Billie_Campbell http://dbpedia.org/resource/Glen_Campbell http://dbpedia.org/resource/Glen_Travis_Campbell"
"tt_5","6","0","http://dbpedia.org/resource/Campbell,_Glen http://dbpedia.org/resource/Billie_Campbell http://dbpedia.org/resource/Glen_Campbell http://dbpedia.org/resource/Glen_Travis_Campbell"
"tt_5","7","0","http://dbpedia.org/resource/TheBeatles http://dbpedia.org/resource/The_Beatles http://dbpedia.org/resource/The_Silver_Beats http://dbpedia.org/resource/The_Beetals http://dbpedia.org/resource/History_of_the_Beatles http://dbpedia.org/resource/The_Silver_Beetles http://dbpedia.org/resource/Silver_Beats http://dbpedia.org/resource/John,_Paul,_George,_and_Ringo http://dbpedia.org/resource/John_paul_george_ringo http://dbpedia.org/resource/Pop_Go_The_Beatles http://dbpedia.org/resource/The_Silver_Beatles http://dbpedia.org/resource/History_of_The_Beatles http://dbpedia.org/resource/Outfake http://dbpedia.org/resource/Beatles_music http://dbpedia.org/resource/Nerk_Twins http://dbpedia.org/resource/Beatles,_the http://dbpedia.org/resource/Fab_Four http://dbpedia.org/resource/The_fab_four http://dbpedia.org/resource/The_Beetles http://dbpedia.org/resource/The_BEATLES http://dbpedia.org/resource/Die_Beatles http://dbpedia.org/resource/Johnny_And_The_Moondogs http://dbpedia.org/resource/Fab_four http://dbpedia.org/resource/Beatles,_The http://dbpedia.org/resource/The_Fabulous_Silver_Beatles http://dbpedia.org/resource/The_beatles http://dbpedia.org/resource/Silver_Beatles http://dbpedia.org/resource/The_Beatles_(band) http://dbpedia.org/resource/Johnny_and_the_moondogs http://dbpedia.org/resource/Beatles http://dbpedia.org/resource/The_Bealtes http://dbpedia.org/resource/Fab4 http://dbpedia.org/resource/The_Beatals http://dbpedia.org/resource/Johnny_&_The_Moondogs http://dbpedia.org/resource/Beatle http://dbpedia.org/resource/Johnny_and_the_Moondogs http://dbpedia.org/resource/Outfakes http://dbpedia.org/resource/The_Nerk_Twins http://dbpedia.org/resource/The_Beatle http://dbpedia.org/resource/John,_Paul,_George_and_Ringo http://dbpedia.org/resource/Johnny_and_The_Moondogs http://dbpedia.org/resource/The_Fab_Four http://dbpedia.org/resource/Fab_4 http://dbpedia.org/resource/Silver_Beetles http://dbpedia.org/resource/Beatles_(The) http://dbpedia.org/resource/Beatals"
"tt_5","8","0","http://dbpedia.org/resource/TheBeatles http://dbpedia.org/resource/The_Beatles http://dbpedia.org/resource/The_Silver_Beats http://dbpedia.org/resource/The_Beetals http://dbpedia.org/resource/History_of_the_Beatles http://dbpedia.org/resource/The_Silver_Beetles http://dbpedia.org/resource/Silver_Beats http://dbpedia.org/resource/John,_Paul,_George,_and_Ringo http://dbpedia.org/resource/John_paul_george_ringo http://dbpedia.org/resource/Pop_Go_The_Beatles http://dbpedia.org/resource/The_Silver_Beatles http://dbpedia.org/resource/History_of_The_Beatles http://dbpedia.org/resource/Outfake http://dbpedia.org/resource/Beatles_music http://dbpedia.org/resource/Nerk_Twins http://dbpedia.org/resource/Beatles,_the http://dbpedia.org/resource/Fab_Four http://dbpedia.org/resource/The_fab_four http://dbpedia.org/resource/The_Beetles http://dbpedia.org/resource/The_BEATLES http://dbpedia.org/resource/Die_Beatles http://dbpedia.org/resource/Johnny_And_The_Moondogs http://dbpedia.org/resource/Fab_four http://dbpedia.org/resource/Beatles,_The http://dbpedia.org/resource/The_Fabulous_Silver_Beatles http://dbpedia.org/resource/The_beatles http://dbpedia.org/resource/Silver_Beatles http://dbpedia.org/resource/The_Beatles_(band) http://dbpedia.org/resource/Johnny_and_the_moondogs http://dbpedia.org/resource/Beatles http://dbpedia.org/resource/The_Bealtes http://dbpedia.org/resource/Fab4 http://dbpedia.org/resource/The_Beatals http://dbpedia.org/resource/Johnny_&_The_Moondogs http://dbpedia.org/resource/Beatle http://dbpedia.org/resource/Johnny_and_the_Moondogs http://dbpedia.org/resource/Outfakes http://dbpedia.org/resource/The_Nerk_Twins http://dbpedia.org/resource/The_Beatle http://dbpedia.org/resource/John,_Paul,_George_and_Ringo http://dbpedia.org/resource/Johnny_and_The_Moondogs http://dbpedia.org/resource/The_Fab_Four http://dbpedia.org/resource/Fab_4 http://dbpedia.org/resource/Silver_Beetles http://dbpedia.org/resource/Beatles_(The) http://dbpedia.org/resource/Beatals"
"tt_5","9","0","http://dbpedia.org/resource/Beachboys http://dbpedia.org/resource/The_Pendletones http://dbpedia.org/resource/Beach_Boys,_The http://dbpedia.org/resource/The_Beach_Boys http://dbpedia.org/resource/Beach_boys http://dbpedia.org/resource/Beach_Boys http://dbpedia.org/resource/The_pendletones http://dbpedia.org/resource/The_Beachboys"
"tt_5","10","0","http://dbpedia.org/resource/Beachboys http://dbpedia.org/resource/The_Pendletones http://dbpedia.org/resource/Beach_Boys,_The http://dbpedia.org/resource/The_Beach_Boys http://dbpedia.org/resource/Beach_boys http://dbpedia.org/resource/Beach_Boys http://dbpedia.org/resource/The_pendletones http://dbpedia.org/resource/The_Beachboys"
"tt_5","11","0","http://dbpedia.org/resource/Rolling_Stones's http://dbpedia.org/resource/ROLLING_STONES http://dbpedia.org/resource/Rolling_Stones,_The http://dbpedia.org/resource/Rolling_stones http://dbpedia.org/resource/Ancient_Form_of_Weaving http://dbpedia.org/resource/Rolling_Stones_Lyrics http://dbpedia.org/resource/The_Rollin'_Stones http://dbpedia.org/resource/Rollling_Stones http://dbpedia.org/resource/Rollingstones http://dbpedia.org/resource/The_Rollingstones http://dbpedia.org/resource/The_Rolling_Stones http://dbpedia.org/resource/The_rolling_stones http://dbpedia.org/resource/Silver_Rolling_Stones http://dbpedia.org/resource/Rolling_Stones http://dbpedia.org/resource/Outlook_club http://dbpedia.org/resource/Ancient_Art_of_Weaving http://dbpedia.org/resource/The_Rolling_Stones_hit_singles http://dbpedia.org/resource/The_Rolling_Stoned http://dbpedia.org/resource/Rolling_Stones_(band) http://dbpedia.org/resource/The_Rollling_Stones"
"tt_5","12","0","http://dbpedia.org/resource/The_Hollys http://dbpedia.org/resource/The_Hollies http://dbpedia.org/resource/L._Ransford http://dbpedia.org/resource/Hollies"
"tt_5","13","0","http://dbpedia.org/resource/Labelle http://dbpedia.org/resource/The_Bluebelles http://dbpedia.org/resource/Patti_Labelle_&_The_Blue_Belles http://dbpedia.org/resource/Patti_LaBelle_&_the_Bluebelles http://dbpedia.org/resource/Patti_LaBelle_&_the_Blue_Belles http://dbpedia.org/resource/The_BlueBelles http://dbpedia.org/resource/Patti_LaBelle_and_the_Bluebelles http://dbpedia.org/resource/Patti_LaBelle_&_the_BlueBelles http://dbpedia.org/resource/Patti_LaBelle_&_The_Bluebells http://dbpedia.org/resource/Patti_LaBelle_and_the_BlueBelles http://dbpedia.org/resource/The_Blue-Belles http://dbpedia.org/resource/LaBelle"
"tt_5","14","0","http://dbpedia.org/resource/Magic_lanterns http://dbpedia.org/resource/The_Magic_Lanterns http://dbpedia.org/resource/Magic_Lanterns http://dbpedia.org/resource/The_magic_lanterns"
"tt_5","15","0","http://dbpedia.org/resource/Magic_lanterns http://dbpedia.org/resource/The_Magic_Lanterns http://dbpedia.org/resource/Magic_Lanterns http://dbpedia.org/resource/The_magic_lanterns"
"tt_5","16","0","http://dbpedia.org/resource/Labelle http://dbpedia.org/resource/The_Bluebelles http://dbpedia.org/resource/Patti_Labelle_&_The_Blue_Belles http://dbpedia.org/resource/Patti_LaBelle_&_the_Bluebelles http://dbpedia.org/resource/Patti_LaBelle_&_the_Blue_Belles http://dbpedia.org/resource/The_BlueBelles http://dbpedia.org/resource/Patti_LaBelle_and_the_Bluebelles http://dbpedia.org/resource/Patti_LaBelle_&_the_BlueBelles http://dbpedia.org/resource/Patti_LaBelle_&_The_Bluebells http://dbpedia.org/resource/Patti_LaBelle_and_the_BlueBelles http://dbpedia.org/resource/The_Blue-Belles http://dbpedia.org/resource/LaBelle"
"tt_5","17","0","http://dbpedia.org/resource/Labelle http://dbpedia.org/resource/The_Bluebelles http://dbpedia.org/resource/Patti_Labelle_&_The_Blue_Belles http://dbpedia.org/resource/Patti_LaBelle_&_the_Bluebelles http://dbpedia.org/resource/Patti_LaBelle_&_the_Blue_Belles http://dbpedia.org/resource/The_BlueBelles http://dbpedia.org/resource/Patti_LaBelle_and_the_Bluebelles http://dbpedia.org/resource/Patti_LaBelle_&_the_BlueBelles http://dbpedia.org/resource/Patti_LaBelle_&_The_Bluebells http://dbpedia.org/resource/Patti_LaBelle_and_the_BlueBelles http://dbpedia.org/resource/The_Blue-Belles http://dbpedia.org/resource/LaBelle"
"tt_5","18","0","http://dbpedia.org/resource/The_Hollys http://dbpedia.org/resource/The_Hollies http://dbpedia.org/resource/L._Ransford http://dbpedia.org/resource/Hollies"
"tt_5","19","0","http://dbpedia.org/resource/Magic_lanterns http://dbpedia.org/resource/The_Magic_Lanterns http://dbpedia.org/resource/Magic_Lanterns http://dbpedia.org/resource/The_magic_lanterns"
"tt_5","20","0","http://dbpedia.org/resource/Magic_lanterns http://dbpedia.org/resource/The_Magic_Lanterns http://dbpedia.org/resource/Magic_Lanterns http://dbpedia.org/resource/The_magic_lanterns"
"tt_5","21","0","http://dbpedia.org/resource/Labelle http://dbpedia.org/resource/The_Bluebelles http://dbpedia.org/resource/Patti_Labelle_&_The_Blue_Belles http://dbpedia.org/resource/Patti_LaBelle_&_the_Bluebelles http://dbpedia.org/resource/Patti_LaBelle_&_the_Blue_Belles http://dbpedia.org/resource/The_BlueBelles http://dbpedia.org/resource/Patti_LaBelle_and_the_Bluebelles http://dbpedia.org/resource/Patti_LaBelle_&_the_BlueBelles http://dbpedia.org/resource/Patti_LaBelle_&_The_Bluebells http://dbpedia.org/resource/Patti_LaBelle_and_the_BlueBelles http://dbpedia.org/resource/The_Blue-Belles http://dbpedia.org/resource/LaBelle"
"tt_5","22","0","http://dbpedia.org/resource/Labelle http://dbpedia.org/resource/The_Bluebelles http://dbpedia.org/resource/Patti_Labelle_&_The_Blue_Belles http://dbpedia.org/resource/Patti_LaBelle_&_the_Bluebelles http://dbpedia.org/resource/Patti_LaBelle_&_the_Blue_Belles http://dbpedia.org/resource/The_BlueBelles http://dbpedia.org/resource/Patti_LaBelle_and_the_Bluebelles http://dbpedia.org/resource/Patti_LaBelle_&_the_BlueBelles http://dbpedia.org/resource/Patti_LaBelle_&_The_Bluebells http://dbpedia.org/resource/Patti_LaBelle_and_the_BlueBelles http://dbpedia.org/resource/The_Blue-Belles http://dbpedia.org/resource/LaBelle"
"tt_5","23","0","http://dbpedia.org/resource/Terry_Knight"
"tt_5","24","0","http://dbpedia.org/resource/Gerald_Hagan http://dbpedia.org/resource/David_and_the_Giants http://dbpedia.org/resource/Riders_in_the_Sky_(David_and_the_Giants_album) http://dbpedia.org/resource/Song_of_Songs_(album) http://dbpedia.org/resource/David_&_the_giants http://dbpedia.org/resource/David_W._Huff http://dbpedia.org/resource/David_and_the_giants http://dbpedia.org/resource/Song_of_Songs_(David_and_the_Giants_album) http://dbpedia.org/resource/Angels_Unaware_(album)"
"tt_5","25","0","http://dbpedia.org/resource/Brian_Rading http://dbpedia.org/resource/The_Staccatos http://dbpedia.org/resource/Five_Man_Electrical_Band http://dbpedia.org/resource/The_Five_Man_Electrical_Band http://dbpedia.org/resource/Staccatos http://dbpedia.org/resource/Staccatos_(band) http://dbpedia.org/resource/A_Wild_Pair"
"tt_5","26","0","http://dbpedia.org/resource/Eric_Burdon_and_the_New_Animals http://dbpedia.org/resource/Eric_Burdon_&_the_Animals http://dbpedia.org/resource/Eric_Burdon_and_the_Animals http://dbpedia.org/resource/Burdon,_Eric_&_The_Animals http://dbpedia.org/resource/Animals_(band) http://dbpedia.org/resource/Eric_Burdon_and_The_New_Animals http://dbpedia.org/resource/Eric_Burdon_&_The_New_Animals http://dbpedia.org/resource/Eric_Burdon_and_The_Animals http://dbpedia.org/resource/Eric_Burdon_And_The_Animals http://dbpedia.org/resource/Eric_Burdon_&_The_Animals http://dbpedia.org/resource/The_Animals http://dbpedia.org/resource/Eric_Burdon_&_the_New_Animals"
"tt_5","27","0","http://dbpedia.org/resource/Eric_Burdon_and_the_New_Animals http://dbpedia.org/resource/Eric_Burdon_&_the_Animals http://dbpedia.org/resource/Eric_Burdon_and_the_Animals http://dbpedia.org/resource/Burdon,_Eric_&_The_Animals http://dbpedia.org/resource/Animals_(band) http://dbpedia.org/resource/Eric_Burdon_and_The_New_Animals http://dbpedia.org/resource/Eric_Burdon_&_The_New_Animals http://dbpedia.org/resource/Eric_Burdon_and_The_Animals http://dbpedia.org/resource/Eric_Burdon_And_The_Animals http://dbpedia.org/resource/Eric_Burdon_&_The_Animals http://dbpedia.org/resource/The_Animals http://dbpedia.org/resource/Eric_Burdon_&_the_New_Animals"
"tt_5","28","0","http://dbpedia.org/resource/Terry_Knight"
"tt_5","29","0","http://dbpedia.org/resource/Gerald_Hagan http://dbpedia.org/resource/David_and_the_Giants http://dbpedia.org/resource/Riders_in_the_Sky_(David_and_the_Giants_album) http://dbpedia.org/resource/Song_of_Songs_(album) http://dbpedia.org/resource/David_&_the_giants http://dbpedia.org/resource/David_W._Huff http://dbpedia.org/resource/David_and_the_giants http://dbpedia.org/resource/Song_of_Songs_(David_and_the_Giants_album) http://dbpedia.org/resource/Angels_Unaware_(album)"
"tt_5","30","0","http://dbpedia.org/resource/Brian_Rading http://dbpedia.org/resource/The_Staccatos http://dbpedia.org/resource/Five_Man_Electrical_Band http://dbpedia.org/resource/The_Five_Man_Electrical_Band http://dbpedia.org/resource/Staccatos http://dbpedia.org/resource/Staccatos_(band) http://dbpedia.org/resource/A_Wild_Pair"
"tt_5","31","0","http://dbpedia.org/resource/Eric_Burdon_and_the_New_Animals http://dbpedia.org/resource/Eric_Burdon_&_the_Animals http://dbpedia.org/resource/Eric_Burdon_and_the_Animals http://dbpedia.org/resource/Burdon,_Eric_&_The_Animals http://dbpedia.org/resource/Animals_(band) http://dbpedia.org/resource/Eric_Burdon_and_The_New_Animals http://dbpedia.org/resource/Eric_Burdon_&_The_New_Animals http://dbpedia.org/resource/Eric_Burdon_and_The_Animals http://dbpedia.org/resource/Eric_Burdon_And_The_Animals http://dbpedia.org/resource/Eric_Burdon_&_The_Animals http://dbpedia.org/resource/The_Animals http://dbpedia.org/resource/Eric_Burdon_&_the_New_Animals"
"tt_5","32","0","http://dbpedia.org/resource/Eric_Burdon_and_the_New_Animals http://dbpedia.org/resource/Eric_Burdon_&_the_Animals http://dbpedia.org/resource/Eric_Burdon_and_the_Animals http://dbpedia.org/resource/Burdon,_Eric_&_The_Animals http://dbpedia.org/resource/Animals_(band) http://dbpedia.org/resource/Eric_Burdon_and_The_New_Animals http://dbpedia.org/resource/Eric_Burdon_&_The_New_Animals http://dbpedia.org/resource/Eric_Burdon_and_The_Animals http://dbpedia.org/resource/Eric_Burdon_And_The_Animals http://dbpedia.org/resource/Eric_Burdon_&_The_Animals http://dbpedia.org/resource/The_Animals http://dbpedia.org/resource/Eric_Burdon_&_the_New_Animals"
"tt_5","33","0","http://dbpedia.org/resource/Zoot_Suit_(song) http://dbpedia.org/resource/The_who_(band) http://dbpedia.org/resource/The_Who_performances http://dbpedia.org/resource/I'm_the_face/Zoot_Suit http://dbpedia.org/resource/The_who http://dbpedia.org/resource/I'm_the_face/Zuit_Suit http://dbpedia.org/resource/The_Who_(band) http://dbpedia.org/resource/The_Who_studio_techniques http://dbpedia.org/resource/The_Who http://dbpedia.org/resource/Maximum_R&B http://dbpedia.org/resource/Who,_The http://dbpedia.org/resource/Who_(band) http://dbpedia.org/resource/The_Who:_In_the_studio http://dbpedia.org/resource/The_Who_Tours_and_Performances http://dbpedia.org/resource/The_Who:_Performance http://dbpedia.org/resource/I'm_the_Face http://dbpedia.org/resource/The_Detours http://dbpedia.org/resource/Colin_Dawson http://dbpedia.org/resource/The_detours http://dbpedia.org/resource/The_Who's http://dbpedia.org/resource/The_High_Numbers http://dbpedia.org/resource/The_Who%3F http://dbpedia.org/resource/High_Numbers http://dbpedia.org/resource/Who's_For_Tennis%3F http://dbpedia.org/resource/The_Who_Concerts"
"tt_5","34","0","http://dbpedia.org/resource/The_Human_Beinz http://dbpedia.org/resource/Human_Beinz http://dbpedia.org/resource/The_Human_Beings"
"tt_5","35","0","http://dbpedia.org/resource/Motor_City_5 http://dbpedia.org/resource/The_Motor_City_Five http://dbpedia.org/resource/DKT-MC5 http://dbpedia.org/resource/Motor_City_Five http://dbpedia.org/resource/The_mc5 http://dbpedia.org/resource/The_MC5 http://dbpedia.org/resource/MC_5 http://dbpedia.org/resource/Are_You_Ready_To_Testify%3F:_The_Live_Bootleg_Anthology http://dbpedia.org/resource/Babes_in_Arms_(album) http://dbpedia.org/resource/MC5 http://dbpedia.org/resource/DKT/MC5 http://dbpedia.org/resource/MC-5"
"tt_5","36","0","http://dbpedia.org/resource/Motor_City_5 http://dbpedia.org/resource/The_Motor_City_Five http://dbpedia.org/resource/DKT-MC5 http://dbpedia.org/resource/Motor_City_Five http://dbpedia.org/resource/The_mc5 http://dbpedia.org/resource/The_MC5 http://dbpedia.org/resource/MC_5 http://dbpedia.org/resource/Are_You_Ready_To_Testify%3F:_The_Live_Bootleg_Anthology http://dbpedia.org/resource/Babes_in_Arms_(album) http://dbpedia.org/resource/MC5 http://dbpedia.org/resource/DKT/MC5 http://dbpedia.org/resource/MC-5"
"tt_5","37","0","http://dbpedia.org/resource/The_Human_Beinz http://dbpedia.org/resource/Human_Beinz http://dbpedia.org/resource/The_Human_Beings"
"tt_5","38","0","http://dbpedia.org/resource/Motor_City_5 http://dbpedia.org/resource/The_Motor_City_Five http://dbpedia.org/resource/DKT-MC5 http://dbpedia.org/resource/Motor_City_Five http://dbpedia.org/resource/The_mc5 http://dbpedia.org/resource/The_MC5 http://dbpedia.org/resource/MC_5 http://dbpedia.org/resource/Are_You_Ready_To_Testify%3F:_The_Live_Bootleg_Anthology http://dbpedia.org/resource/Babes_in_Arms_(album) http://dbpedia.org/resource/MC5 http://dbpedia.org/resource/DKT/MC5 http://dbpedia.org/resource/MC-5"
"tt_5","39","0","http://dbpedia.org/resource/Motor_City_5 http://dbpedia.org/resource/The_Motor_City_Five http://dbpedia.org/resource/DKT-MC5 http://dbpedia.org/resource/Motor_City_Five http://dbpedia.org/resource/The_mc5 http://dbpedia.org/resource/The_MC5 http://dbpedia.org/resource/MC_5 http://dbpedia.org/resource/Are_You_Ready_To_Testify%3F:_The_Live_Bootleg_Anthology http://dbpedia.org/resource/Babes_in_Arms_(album) http://dbpedia.org/resource/MC5 http://dbpedia.org/resource/DKT/MC5 http://dbpedia.org/resource/MC-5"
"tt_5","40","0","http://dbpedia.org/resource/Copperpenny"